Ana,Fernandez,13
Sofia,Garcia,10
Rahul,Joshi,10
Charlotte,Jones,9
Pooja,Mehta,9
Yu-Jin,Park,9
Elena,Martinez,8
Elena,Gomez,8
Sarah,Garcia,8
Ana,Flores,8
Edward,Smith,8
Qiang,Zhang,8
Lan,Zhou,7
Deniz,Yılmaz,7
Hao,Wu,7
Eun-Ji,Shin,7
Ana,Garcia,7
Jennifer,Garcia,7
Karan,Gupta,7
Aya,Ito,7
Sophie,Johnson,7
Jessica,Jones,7
Fernando,Hernández,7
Hyun,Kang,7
Martina,Marino,7
Alice,Martin,7
Aylin,Koç,7
Ming,Li,7
Tae-Hyun,Park,7
Verónica,Pérez,7
Chloé,Richard,7
Paul,Robert,7
Giovanni,Rossi,6
Min-Seo,Park,6
Min-Jun,Lee,6
Chloé,Leroy,6
Alessia,Marino,6
Alejandro,Martínez,6
James,Jones,6
Jae,Jung,6
Min-Jun,Jung,6
Henry,Evans,6
Mia,Evans,6
John,Davis,6
Nazlı,Arslan,6
Jan,Becker,6
Lea,Becker,6
Gabriel,Bernard,6
Elisa,Bianchi,6
Peng,Chen,6
Kavita,Choudhary,6
Soo,Shin,6
Inès,Simon,6
Takumi,Shimizu,6
Haruto,Tanaka,6
Verónica,Sánchez,6
Lena,Weber,6
Onur,Taş,6
Bo-Ra,Yoon,6
Hana,Yoon,6
Hao,Yang,6
Mei,Yang,6
Xiu,Yang,5
Charles,Thomas,5
Jessica,Thomas,5
Lina,Wagner,5
John,Wilson,5
Lucy,Wilson,5
Lina,Schmidt,5
Felix,Schulz,5
Sara,Russo,5
Valentina,Russo,5
Haruto,Saito,5
Ryota,Saito,5
Henry,Taylor,5
Ryota,Shimizu,5
Léna,Simon,5
Joon,Shin,5
Aslı,Arslan,5
Mehmet,Arslan,5
Luis,Diaz,5
Léo,Durand,5
Woo,Kang,5
Valentina,Greco,5
Giulia,Greco,5
William,Evans,5
Verónica,García,5
Fernando,García,5
Jesús,Martínez,5
Susan,Miller,5
Ana,Moreno,5
Carmen,Moreno,5
Ting,Liu,5
Seo-Yeon,Lee,5
Karan,Kumar,5
Ren,Kobayashi,5
Yui,Kobayashi,5
Jae,Lee,5
Joon,Kim,5
Elena,Perez,5
Alice,Richard,5
Nathan,Richard,5
Alice,Robert,5
Jade,Petit,5
Alejandro,Ramírez,5
Elisa,Russo,5
Stefano,Romano,5
Olivia,Roberts,5
Barbara,Rodriguez,5
Carlos,Rodriguez,4
Antonio,Rodriguez,4
Jennifer,Rodriguez,4
John,Rodriguez,4
Manon,Richard,4
Lucy,Roberts,4
Hugo,Richard,4
Louis,Robert,4
Susan,Rodriguez,4
Alessia,Romano,4
Alessia,Rossi,4
Federica,Ricci,4
Inès,Petit,4
Carlos,Pérez,4
Dong-Hyun,Kim,4
Hyun,Kim,4
Joon,Lee,4
Rahul,Kumar,4
Fen,Liu,4
Chiara,Marino,4
Federica,Marino,4
Chloé,Moreau,4
Jules,Moreau,4
Paul,Müller,4
Louise,Martin,4
Antonio,Martinez,4
María,López,4
Mia,Meyer,4
Isabel,García,4
Juana,García,4
Robert,Garcia,4
Laura,Garcia,4
Haruka,Ito,4
Ren,Ito,4
Sakura,Ito,4
Amelia,Johnson,4
Barbara,Johnson,4
Min-Seo,Kang,4
Min-Jun,Im,4
David,Jones,4
Can,Demir,4
Thomas,Evans,4
Haruto,Fujimoto,4
Inès,Durand,4
Léna,Durand,4
Barbara,Davis,4
Mehmet,Çelik,4
Priya,Das,4
Léna,Bernard,4
Louise,Bernard,4
Lei,Chen,4
Francesca,Colombo,4
Valentina,Colombo,4
Juan,Cruz,4
Rina,Shimizu,4
Bo-Ra,Shin,4
Isabella,Taylor,4
Charles,Smith,4
Priya,Singh,4
Lucy,Smith,4
Marta,Sanchez,4
Carlos,Sánchez,4
Carmen,Sánchez,4
Marie,Schulz,4
Max,Schulz,4
Leon,Schneider,4
Max,Schneider,4
Tim,Schneider,4
Amelie,Schulz,4
Leon,Schmidt,4
Jonas,Weber,4
Jessica,Wilson,4
Lan,Wu,4
Ming,Wu,4
William,Williams,4
Arthur,Wilson,4
Hua,Wang,4
Sarah,Thomas,4
David,Thomas,4
Emma,Thomas,4
George,Thomas,4
Zeynep,Taş,4
Sophie,Wilson,4
Ming,Zhou,4
Onur,Yılmaz,4
Jun,Zhou,4
Ying,Zhao,3
Lei,Yang,3
Ece,Yılmaz,3
Ella,Taylor,3
Camille,Thomas,3
Anna,Wagner,3
Léna,Thomas,3
Mia,Wagner,3
Hao,Wang,3
Christopher,Wilson,3
Joseph,Williams,3
Linda,Williams,3
Sophie,Williams,3
Michael,Wilson,3
Tim,Schmidt,3
Elias,Schulz,3
Chiara,Russo,3
Carmen,Sanchez,3
Susan,Smith,3
Ella,Smith,3
Amelia,Thomas,3
Lina,Schulz,3
Aya,Shimizu,3
Haruka,Shimizu,3
Hana,Shin,3
Paul,Simon,3
Ahmet,Çelik,3
Carlos,Cruz,3
Giovanni,Colombo,3
Raj,Choudhary,3
Anna,Becker,3
Francesca,Bianchi,3
Linda,Brown,3
Jian,Chen,3
Ravi,Das,3
Ece,Çelik,3
Emre,Çelik,3
David,Davis,3
Robert,Davis,3
Mei,Fujimoto,3
Stefano,Ferrari,3
Isabel,Fernandez,3
Amelia,Evans,3
Emily,Jones,3
Dong-Hyun,Im,3
Ahmet,Kaya,3
Sarah,Jones,3
Anjali,Joshi,3
Charlotte,Johnson,3
Ella,Johnson,3
James,Johnson,3
Isabel,González,3
Davide,Greco,3
Elisa,Greco,3
Arjun,Gupta,3
Juan,Garcia,3
Laura,Gomez,3
Paul,Meyer,3
Barbara,Miller,3
Leon,Meyer,3
Léna,Moreau,3
Emma,Müller,3
Ethan,Moreau,3
Na,Li,3
Hana,Lee,3
Woo,Kim,3
Isabel,Pérez,3
Pooja,Patel,3
Zeynep,Öztürk,3
Ji-Hoon,Park,3
Joon,Park,3
Camille,Robert,3
Emma,Robert,3
Stefano,Ricci,3
Alice,Petit,3
Antonio,Rossi,3
Luca,Romano,3
Alessandro,Rossi,3
Marco,Rossi,3
Léna,Richard,3
Luis,Rodriguez,3
Jessica,Rodriguez,3
James,Rodriguez,3
Louise,Robert,2
Martina,Russo,2
Valentina,Rossi,2
Antonio,Russo,2
Federica,Rossi,2
Francesco,Rossi,2
Sunita,Reddy,2
Ethan,Robert,2
Ethan,Richard,2
Hye-Jin,Park,2
Soo,Park,2
Lea,Meyer,2
Anjali,Patel,2
Zeynep,Kaya,2
Hina,Kobayashi,2
Seung,Kim,2
Qiang,Li,2
Luis,Lopez,2
Pablo,Lopez,2
Alejandro,López,2
Isabel,López,2
William,Miller,2
Elena,Moreno,2
Miyu,Mori,2
Nanami,Mori,2
Takumi,Mori,2
Onur,Öztürk,2
Tim,Meyer,2
Marco,Marino,2
Inès,Martin,2
Guadalupe,González,2
Ana,García,2
Jessica,Garcia,2
Lucia,Garcia,2
Patricia,Garcia,2
Rina,Gupta,2
Pooja,Joshi,2
William,Jones,2
Haruka,Kato,2
Miyu,Kato,2
Yu-Jin,Jung,2
Hyun,Im,2
Lucy,Johnson,2
Michael,Johnson,2
Guadalupe,Hernández,2
Hannah,Hoffmann,2
Fen,Huang,2
George,Jones,2
Michael,Jones,2
Arthur,Evans,2
Marco,Esposito,2
Diego,Fernandez,2
Paul,Fischer,2
Can,Çelik,2
Derya,Çelik,2
Elizabeth,Brown,2
Max,Becker,2
Okan,Aydın,2
Can,Arslan,2
Okan,Arslan,2
Onur,Arslan,2
Maya,Choudhary,2
Min-Seo,Choi,2
Amit,Choudhary,2
Anjali,Choudhary,2
Isabel,Cruz,2
Sanya,Sharma,2
Sota,Shimizu,2
Arthur,Thomas,2
Yuma,Tanaka,2
Emily,Smith,2
Amelia,Smith,2
Miyu,Takahashi,2
Aya,Tanaka,2
Yuki,Saito,2
Aya,Saito,2
Juan,Sanchez,2
Manuel,Sánchez,2
Martha,Sánchez,2
Mia,Schneider,2
Finn,Schulz,2
Amelie,Schmidt,2
Finn,Schmidt,2
Hina,Yamamoto,2
Ting,Wang,2
Emre,Yılmaz,2
Dong-Hyun,Yoon,2
Tae-Hyun,Yoon,2
Yu-Jin,Yoon,2
Lan,Yang,2
Ying,Yang,2
Burak,Yılmaz,2
Jian,Zhou,2
Mei,Zhao,2
Joon,Yoon,1
Finn,Weber,1
Edward,Taylor,1
Ella,Wilson,1
Jonas,Schmidt,1
Paul,Schmidt,1
Kavita,Sharma,1
Pablo,Sanchez,1
Hina,Saito,1
Francisco,Sanchez,1
Deniz,Şahin,1
Barbara,Smith,1
Mei,Tanaka,1
Nanami,Tanaka,1
Pooja,Singh,1
Aylin,Çelik,1
Chiara,Colombo,1
Wei,Chen,1
Emre,Aydın,1
Mert,Aydın,1
Sanjay,Das,1
Gabriel,Durand,1
Andrea,Ferrari,1
Davide,Ferrari,1
Paul,Durand,1
Peng,Huang,1
Bo-Ra,Im,1
Sarah,Johnson,1
Deniz,Kaya,1
Min-Seo,Jung,1
Ravi,Joshi,1
Alejandro,Hernández,1
Marco,Greco,1
Jessica,Johnson,1
Carlos,González,1
Sarah,Miller,1
Marie,Meyer,1
Elias,Meyer,1
Felix,Müller,1
Finn,Müller,1
Lina,Müller,1
Marta,Lopez,1
Francesco,Marino,1
Feng,Liu,1
Lei,Liu,1
Peng,Li,1
Haruto,Kobayashi,1
Manuel,Perez,1
Woo,Park,1
Anna,Ricci,1
Arthur,Petit,1
Martha,Ramírez,1
Martina,Rossi,1
Stefano,Rossi,1
Jessica,Roberts,1
Manuel,Rodriguez,1
