MovieID,Title,ReleaseYear,DurationMinutes,Language,Country,Budget,BoxOffice,Description,GenreID,DirectorID
1,Taiyō Ken Shizukesa Tabibito,2009,96,Japonca,Japonya,255825301.25,199760550.34,"Sinema tarihine adını yazdıracak bir yapım. Film, izleyiciyi derin bir maceraya sürüklüyor.",9,52
2,Sang Voix Ombre,1997,160,Fransızca,Fransa,95779129.23,212874216.56,Toplumsal mesajlar içeren çarpıcı bir yapım. Sanatsal ve estetik açıdan başarılı bir film. Görsel efektleriyle izleyiciyi büyülüyor.,10,51
3,Feng Ri,1994,99,Çince,Çin,86897026.08,384720125.73,"Renk paleti ve sinematografisiyle dikkat çekiyor. Film, izleyiciyi derin bir maceraya sürüklüyor.",6,54
4,Rüya Düş Umutsuz,2016,97,Türkçe,Türkiye,25856701.56,87656624.21,Mükemmel müzikleri ve sahne tasarımı ile öne çıkıyor. Sürükleyici temposu ve sürpriz sonuyla izleyiciyi şaşırtıyor. Unutulmaz sahneleriyle hafızalarda yer ediniyor.,8,56
5,Tian Shan,2022,125,Çince,Çin,68109405.06,164244015.72,Tarihi olayları özgün bir perspektiften yorumluyor. Sürükleyici temposu ve sürpriz sonuyla izleyiciyi şaşırtıyor. Kültürel öğeler ve tarihsel referanslarla zenginleştirilmiş.,8,50
6,Zindagi Raat Pyar Safar,2004,84,Hintçe,Hindistan,293480918.11,897075227.65,Sanatsal ve estetik açıdan başarılı bir film. Fantastik öğelerle gerçek dünyayı harmanlayan bir hikaye.,10,47
7,Luz Fuego,2003,146,İspanyolca,Meksika,23931263.28,107801238.88,Çocukluk anıları ve aile bağlarını merkezine alıyor. Renk paleti ve sinematografisiyle dikkat çekiyor.,5,60
8,Shan Long,2021,158,Çince,Çin,16305894.51,33361171.56,Doğa ve insan ilişkisini estetik bir dille ele alıyor. Fantastik öğelerle gerçek dünyayı harmanlayan bir hikaye. Sürükleyici senaryosu ve güçlü oyunculuklarla izlenmeli. Unutulmaz sahneleriyle hafızalarda yer ediniyor. Gizemli atmosferi ile izleyiciyi etkisi altına alıyor.,10,40
9,Fluss Feuer Schatten Traum,1988,168,Almanca,Almanya,276897922.56,1072263324.66,"Doğa ve insan ilişkisini estetik bir dille ele alıyor. Konu, aşk ve dramın iç içe geçtiği bir hikayeyi anlatıyor. Çocukluk anıları ve aile bağlarını merkezine alıyor.",3,5
10,Feuer Seele,2021,116,Almanca,Almanya,145685676.36,155985072.32,"Çarpıcı diyaloglar ve zekice kurgulanmış olay örgüsü var. Kültürel öğeler ve tarihsel referanslarla zenginleştirilmiş. Film, izleyiciyi derin bir maceraya sürüklüyor.",10,4
11,Tormenta Noche Luz,1977,155,İspanyolca,Meksika,221820686.44,768874947.98,"Özgün senaryosu ve sürükleyici kurgusuyla öne çıkıyor. Sürükleyici temposu ve sürpriz sonuyla izleyiciyi şaşırtıyor. Konu, aşk ve dramın iç içe geçtiği bir hikayeyi anlatıyor. Sürükleyici senaryosu ve güçlü oyunculuklarla izlenmeli. Yüksek tempolu aksiyon sahneleri ile dikkat çekiyor.",10,23
12,Sessizlik Rüya,2008,176,Türkçe,Türkiye,298078879.63,1182376093.52,Görsel efektleriyle izleyiciyi büyülüyor. Doğa ve insan ilişkisini estetik bir dille ele alıyor. Fantastik öğelerle gerçek dünyayı harmanlayan bir hikaye.,3,64
13,Dream Blood Night,1973,86,İngilizce,ABD,50696318.83,116315180.85,Çocukluk anıları ve aile bağlarını merkezine alıyor. Tarihi olayları özgün bir perspektiften yorumluyor. Karakterler arası ilişkiler dikkat çekici şekilde işlenmiş. Toplumsal mesajlar içeren çarpıcı bir yapım. Kültürel öğeler ve tarihsel referanslarla zenginleştirilmiş.,5,15
14,Hayat Güneş Gölge Kral,2003,116,Türkçe,Türkiye,278203146.55,700986467.05,Unutulmaz sahneleriyle hafızalarda yer ediniyor. Çarpıcı diyaloglar ve zekice kurgulanmış olay örgüsü var. Renk paleti ve sinematografisiyle dikkat çekiyor. Kültürel öğeler ve tarihsel referanslarla zenginleştirilmiş.,7,2
15,Soul Night River Path,1987,112,İngilizce,ABD,196475812.83,444073047.9,Çocukluk anıları ve aile bağlarını merkezine alıyor. Tarihi olayları özgün bir perspektiften yorumluyor. Özgün senaryosu ve sürükleyici kurgusuyla öne çıkıyor. Sürükleyici senaryosu ve güçlü oyunculuklarla izlenmeli.,5,13
16,Shan Xin Zhan Ling,1970,81,Çince,Çin,123669005.6,354149594.19,"Görsel efektleriyle izleyiciyi büyülüyor. Konu, aşk ve dramın iç içe geçtiği bir hikayeyi anlatıyor. Film, izleyiciyi derin bir maceraya sürüklüyor. Çarpıcı diyaloglar ve zekice kurgulanmış olay örgüsü var.",1,9
17,Queen Battle,1973,156,İngilizce,İngiltere,191605824.11,706323825.88,Karakterler arası ilişkiler dikkat çekici şekilde işlenmiş. Çocukluk anıları ve aile bağlarını merkezine alıyor. Yerli kültür motiflerini başarılı şekilde yansıtıyor.,10,28
18,Regina Eredità Fuoco Notte,2006,169,İtalyanca,İtalya,55686766.36,101659464.98,Tarihi olayları özgün bir perspektiften yorumluyor. Çocukluk anıları ve aile bağlarını merkezine alıyor. Yerli kültür motiflerini başarılı şekilde yansıtıyor. Sürükleyici senaryosu ve güçlü oyunculuklarla izlenmeli. Kültürel öğeler ve tarihsel referanslarla zenginleştirilmiş.,3,15
19,Gece Kader,2019,179,Türkçe,Türkiye,19185020.27,43140528.68,Mükemmel müzikleri ve sahne tasarımı ile öne çıkıyor. Yüksek tempolu aksiyon sahneleri ile dikkat çekiyor. Toplumsal mesajlar içeren çarpıcı bir yapım.,2,36
20,Ombre Secret Nuit,2009,162,Fransızca,Fransa,147871159.69,169671317.02,"Tarihi olayları özgün bir perspektiften yorumluyor. Kültürel öğeler ve tarihsel referanslarla zenginleştirilmiş. Gerilim dolu sahneleri ile nefes kesen bir yapım. Konu, aşk ve dramın iç içe geçtiği bir hikayeyi anlatıyor. Yüksek tempolu aksiyon sahneleri ile dikkat çekiyor.",7,23
21,Shadow Whisper Dragon Night,2006,82,İngilizce,İngiltere,269005461.67,314694489.73,Tarihi olayları özgün bir perspektiften yorumluyor. Sürükleyici senaryosu ve güçlü oyunculuklarla izlenmeli. Karakterler arası ilişkiler dikkat çekici şekilde işlenmiş.,5,58
22,Reino Luz,1970,141,İspanyolca,İspanya,131099271.41,563493666.57,Karakterler arası ilişkiler dikkat çekici şekilde işlenmiş. Tarihi olayları özgün bir perspektiften yorumluyor.,9,63
23,Chueok Saebyeok,1977,125,Korece,Güney Kore,100365193.99,186952890.88,Gizemli atmosferi ile izleyiciyi etkisi altına alıyor. Psikolojik derinliği olan karakterlere odaklanıyor.,10,69
24,Path Night Fire,1975,162,İngilizce,ABD,61334581.17,183705634.29,Gerilim dolu sahneleri ile nefes kesen bir yapım. Renk paleti ve sinematografisiyle dikkat çekiyor. Tarihi olayları özgün bir perspektiften yorumluyor. Gizemli atmosferi ile izleyiciyi etkisi altına alıyor. Toplumsal mesajlar içeren çarpıcı bir yapım.,8,38
25,Light Fire Dragon Queen,2010,97,İngilizce,İngiltere,11191637.44,6873240.33,"Toplumsal mesajlar içeren çarpıcı bir yapım. Psikolojik derinliği olan karakterlere odaklanıyor. Mükemmel müzikleri ve sahne tasarımı ile öne çıkıyor. Film, izleyiciyi derin bir maceraya sürüklüyor.",8,25
26,Hana Ken,1991,180,Japonca,Japonya,216443090.75,503183726.92,Çocukluk anıları ve aile bağlarını merkezine alıyor. Psikolojik derinliği olan karakterlere odaklanıyor. Sanatsal ve estetik açıdan başarılı bir film. Fantastik öğelerle gerçek dünyayı harmanlayan bir hikaye. Doğa ve insan ilişkisini estetik bir dille ele alıyor.,1,44
27,Lumière Ombre Cœur Âme,1974,142,Fransızca,Fransa,196322542.27,514460937.05,"Renk paleti ve sinematografisiyle dikkat çekiyor. Konu, aşk ve dramın iç içe geçtiği bir hikayeyi anlatıyor. Sinema tarihine adını yazdıracak bir yapım.",1,19
28,Fire Battle,1999,155,İngilizce,İngiltere,19655305.79,82131990.53,Yüksek tempolu aksiyon sahneleri ile dikkat çekiyor. Görsel efektleriyle izleyiciyi büyülüyor. Unutulmaz sahneleriyle hafızalarda yer ediniyor.,10,22
29,Ghost Night,2021,95,İngilizce,ABD,292768054.19,905195361.27,Doğa ve insan ilişkisini estetik bir dille ele alıyor. Özgün senaryosu ve sürükleyici kurgusuyla öne çıkıyor.,7,42
30,Blood Battle Dream,1974,98,İngilizce,ABD,227386250.82,285649165.9,"Doğa ve insan ilişkisini estetik bir dille ele alıyor. Konu, aşk ve dramın iç içe geçtiği bir hikayeyi anlatıyor. Sanatsal ve estetik açıdan başarılı bir film.",2,36
31,Shadow Whisper,2020,179,İngilizce,İngiltere,47747221.59,212872451.87,Yüksek tempolu aksiyon sahneleri ile dikkat çekiyor. Tarihi olayları özgün bir perspektiften yorumluyor. Renk paleti ve sinematografisiyle dikkat çekiyor.,10,49
32,Reino Fuego Dragón,1988,168,İspanyolca,İspanya,38504279.55,44044867.32,Özgün senaryosu ve sürükleyici kurgusuyla öne çıkıyor. Çarpıcı diyaloglar ve zekice kurgulanmış olay örgüsü var. Tarihi olayları özgün bir perspektiften yorumluyor.,7,61
33,Tabibito Unmei Taiyō,2008,158,Japonca,Japonya,285114270.2,947252943.33,Görsel efektleriyle izleyiciyi büyülüyor. Gerilim dolu sahneleri ile nefes kesen bir yapım. Sürükleyici temposu ve sürpriz sonuyla izleyiciyi şaşırtıyor.,3,64
34,Light Night Shadow Whisper,2009,144,İngilizce,İngiltere,66173202.03,262475395.34,Sanatsal ve estetik açıdan başarılı bir film. Çocukluk anıları ve aile bağlarını merkezine alıyor.,6,70
35,Gidae Haneul Sarang,2001,165,Korece,Güney Kore,276840575.32,205726948.92,Sürükleyici senaryosu ve güçlü oyunculuklarla izlenmeli. Çarpıcı diyaloglar ve zekice kurgulanmış olay örgüsü var. Yerli kültür motiflerini başarılı şekilde yansıtıyor. Mükemmel müzikleri ve sahne tasarımı ile öne çıkıyor.,3,21
36,Yoru Ken Senshi Hoshi,1976,102,Japonca,Japonya,47834660.4,30173793.49,Unutulmaz sahneleriyle hafızalarda yer ediniyor. Görsel efektleriyle izleyiciyi büyülüyor. Fantastik öğelerle gerçek dünyayı harmanlayan bir hikaye. Çocukluk anıları ve aile bağlarını merkezine alıyor.,1,69
37,Light Night,1984,109,İngilizce,ABD,29870208.07,114100174.21,Toplumsal mesajlar içeren çarpıcı bir yapım. Doğa ve insan ilişkisini estetik bir dille ele alıyor.,2,42
38,Bimil Sarangi Bitnaneun,1973,107,Korece,Güney Kore,278402191.37,709218147.59,Renk paleti ve sinematografisiyle dikkat çekiyor. Gizemli atmosferi ile izleyiciyi etkisi altına alıyor. Kültürel öğeler ve tarihsel referanslarla zenginleştirilmiş.,7,19
39,Étoile Âme,1991,168,Fransızca,Fransa,170815416.9,301099529.11,Özgün senaryosu ve sürükleyici kurgusuyla öne çıkıyor. Yerli kültür motiflerini başarılı şekilde yansıtıyor. Sürükleyici senaryosu ve güçlü oyunculuklarla izlenmeli. Duygusal derinliği ve karakter gelişimi ile izlenmeye değer. Sinema tarihine adını yazdıracak bir yapım.,3,5
40,Dragón Reino,1980,153,İspanyolca,İspanya,291055684.65,1265369856.5,Görsel efektleriyle izleyiciyi büyülüyor. Doğa ve insan ilişkisini estetik bir dille ele alıyor. Toplumsal mesajlar içeren çarpıcı bir yapım. Mükemmel müzikleri ve sahne tasarımı ile öne çıkıyor. Kültürel öğeler ve tarihsel referanslarla zenginleştirilmiş.,10,22
41,Kaze Tsuki Taiyō Unmei,2016,111,Japonca,Japonya,98525136.23,306176874.45,"Konu, aşk ve dramın iç içe geçtiği bir hikayeyi anlatıyor. Toplumsal mesajlar içeren çarpıcı bir yapım.",7,32
42,Reina Fuego Legado Luz,2019,134,İspanyolca,Meksika,159570957.02,423934080.59,Psikolojik derinliği olan karakterlere odaklanıyor. Yerli kültür motiflerini başarılı şekilde yansıtıyor.,9,5
43,Taiyō Hoshi,2014,96,Japonca,Japonya,107842501.66,169936141.62,Özgün senaryosu ve sürükleyici kurgusuyla öne çıkıyor. Tarihi olayları özgün bir perspektiften yorumluyor. Mükemmel müzikleri ve sahne tasarımı ile öne çıkıyor. Doğa ve insan ilişkisini estetik bir dille ele alıyor.,7,28
44,Tormenta Secreto Fuego,2007,139,İspanyolca,Meksika,231664584.84,1027176599.87,Renk paleti ve sinematografisiyle dikkat çekiyor. Yüksek tempolu aksiyon sahneleri ile dikkat çekiyor.,1,59
45,Pyar Khwaab Jeevan Dosti,2014,84,Hintçe,Hindistan,89328699.37,347309630.24,Çarpıcı diyaloglar ve zekice kurgulanmış olay örgüsü var. Sürükleyici senaryosu ve güçlü oyunculuklarla izlenmeli.,6,68
46,Sombra Secreto Legado Tormenta,1973,86,İspanyolca,Meksika,33734479.85,72365818.52,Psikolojik derinliği olan karakterlere odaklanıyor. Tarihi olayları özgün bir perspektiften yorumluyor.,9,47
47,Âme Ombre Liberté Feu,1978,149,Fransızca,Fransa,34510524.81,91564035.09,Kültürel öğeler ve tarihsel referanslarla zenginleştirilmiş. Sürükleyici temposu ve sürpriz sonuyla izleyiciyi şaşırtıyor. Çocukluk anıları ve aile bağlarını merkezine alıyor. Unutulmaz sahneleriyle hafızalarda yer ediniyor.,6,31
48,Traum Blut,1973,124,Almanca,Almanya,135996989.5,374879159.94,Mükemmel müzikleri ve sahne tasarımı ile öne çıkıyor. Çarpıcı diyaloglar ve zekice kurgulanmış olay örgüsü var. Gizemli atmosferi ile izleyiciyi etkisi altına alıyor. Çocukluk anıları ve aile bağlarını merkezine alıyor.,2,48
49,Noche Reina,2021,138,İspanyolca,Meksika,26648970.67,60175274.85,Özgün senaryosu ve sürükleyici kurgusuyla öne çıkıyor. Kültürel öğeler ve tarihsel referanslarla zenginleştirilmiş.,2,25
50,Shadow Night Dragon Kingdom,2014,99,İngilizce,İngiltere,262560445.29,746484125.65,Toplumsal mesajlar içeren çarpıcı bir yapım. Gizemli atmosferi ile izleyiciyi etkisi altına alıyor. Unutulmaz sahneleriyle hafızalarda yer ediniyor.,3,64
51,Hearts Chueok,2017,104,Korece,Güney Kore,19353377.82,85601376.83,Unutulmaz sahneleriyle hafızalarda yer ediniyor. Doğa ve insan ilişkisini estetik bir dille ele alıyor. Sürükleyici senaryosu ve güçlü oyunculuklarla izlenmeli. Renk paleti ve sinematografisiyle dikkat çekiyor.,1,38
52,Fuoco Sussurro Notte Tempesta,2020,155,İtalyanca,İtalya,199923676.08,576929355.32,Özgün senaryosu ve sürükleyici kurgusuyla öne çıkıyor. Kültürel öğeler ve tarihsel referanslarla zenginleştirilmiş. Duygusal derinliği ve karakter gelişimi ile izlenmeye değer. Toplumsal mesajlar içeren çarpıcı bir yapım.,6,63
53,Battle Blood Fire Soul,1988,125,İngilizce,ABD,85672419.11,411481403.39,Tarihi olayları özgün bir perspektiften yorumluyor. Çocukluk anıları ve aile bağlarını merkezine alıyor. Sanatsal ve estetik açıdan başarılı bir film.,1,19
54,Yol Aşk Güneş,1985,120,Türkçe,Türkiye,172570288.71,428664402.13,Çocukluk anıları ve aile bağlarını merkezine alıyor. Sürükleyici senaryosu ve güçlü oyunculuklarla izlenmeli.,2,6
55,Shadow Light,1979,149,İngilizce,ABD,292651970.83,849098469.79,"Yerli kültür motiflerini başarılı şekilde yansıtıyor. Sanatsal ve estetik açıdan başarılı bir film. Mükemmel müzikleri ve sahne tasarımı ile öne çıkıyor. Sürükleyici senaryosu ve güçlü oyunculuklarla izlenmeli. Film, izleyiciyi derin bir maceraya sürüklüyor.",6,58
56,Batalla Legado Tormenta,2004,162,İspanyolca,Meksika,211782681.3,557538669.91,Sürükleyici senaryosu ve güçlü oyunculuklarla izlenmeli. Tarihi olayları özgün bir perspektiften yorumluyor. Gerilim dolu sahneleri ile nefes kesen bir yapım. Fantastik öğelerle gerçek dünyayı harmanlayan bir hikaye. Toplumsal mesajlar içeren çarpıcı bir yapım.,9,43
57,Hoshi Tabibito,1978,119,Japonca,Japonya,7926280.65,25989077.12,"Sürükleyici senaryosu ve güçlü oyunculuklarla izlenmeli. Konu, aşk ve dramın iç içe geçtiği bir hikayeyi anlatıyor.",9,15
58,Luz Sombras Reina,2011,147,İspanyolca,İspanya,67032085.18,315754157.64,Çocukluk anıları ve aile bağlarını merkezine alıyor. Yüksek tempolu aksiyon sahneleri ile dikkat çekiyor. Sürükleyici temposu ve sürpriz sonuyla izleyiciyi şaşırtıyor. Karakterler arası ilişkiler dikkat çekici şekilde işlenmiş. Görsel efektleriyle izleyiciyi büyülüyor.,4,75
59,Sarang Sarangi Saebyeok,1990,145,Korece,Güney Kore,283048948.15,1298631765.77,"Karakterler arası ilişkiler dikkat çekici şekilde işlenmiş. Gizemli atmosferi ile izleyiciyi etkisi altına alıyor. Film, izleyiciyi derin bir maceraya sürüklüyor. Sinema tarihine adını yazdıracak bir yapım.",10,78
60,Soul Light Dream,1992,151,İngilizce,ABD,26735789.96,100936700.11,Özgün senaryosu ve sürükleyici kurgusuyla öne çıkıyor. Fantastik öğelerle gerçek dünyayı harmanlayan bir hikaye. Unutulmaz sahneleriyle hafızalarda yer ediniyor. Sanatsal ve estetik açıdan başarılı bir film.,5,58
61,Secreto Reina Batalla Dragón,2008,106,İspanyolca,İspanya,91317725.99,451814623.75,"Film, izleyiciyi derin bir maceraya sürüklüyor. Unutulmaz sahneleriyle hafızalarda yer ediniyor.",2,19
62,Luce Tempesta,1987,151,İtalyanca,İtalya,138904929.39,424441160.93,"Sinema tarihine adını yazdıracak bir yapım. Psikolojik derinliği olan karakterlere odaklanıyor. Toplumsal mesajlar içeren çarpıcı bir yapım. Konu, aşk ve dramın iç içe geçtiği bir hikayeyi anlatıyor. Doğa ve insan ilişkisini estetik bir dille ele alıyor.",7,23
63,Feuer Weg Traum,2001,108,Almanca,Almanya,8538584.4,4363302.33,Renk paleti ve sinematografisiyle dikkat çekiyor. Çocukluk anıları ve aile bağlarını merkezine alıyor.,9,60
64,Traum König Fluss,1996,168,Almanca,Almanya,193613360.76,121587570.38,Doğa ve insan ilişkisini estetik bir dille ele alıyor. Toplumsal mesajlar içeren çarpıcı bir yapım. Unutulmaz sahneleriyle hafızalarda yer ediniyor. Kültürel öğeler ve tarihsel referanslarla zenginleştirilmiş.,3,63
65,Tempesta Battaglia Ombra,2013,127,İtalyanca,İtalya,154001497.89,475662361.33,Sürükleyici senaryosu ve güçlü oyunculuklarla izlenmeli. Mükemmel müzikleri ve sahne tasarımı ile öne çıkıyor. Tarihi olayları özgün bir perspektiften yorumluyor.,8,16
66,Gölge Gece Sessizlik,1992,114,Türkçe,Türkiye,108668452.66,365464188.87,Sürükleyici temposu ve sürpriz sonuyla izleyiciyi şaşırtıyor. Görsel efektleriyle izleyiciyi büyülüyor.,3,7
67,Eredità Notte Sussurro,1981,176,İtalyanca,İtalya,50557208.25,98674064.19,Gerilim dolu sahneleri ile nefes kesen bir yapım. Psikolojik derinliği olan karakterlere odaklanıyor. Doğa ve insan ilişkisini estetik bir dille ele alıyor. Gizemli atmosferi ile izleyiciyi etkisi altına alıyor.,2,77
68,Yol Kral Aşk,1970,116,Türkçe,Türkiye,112217751.43,300973127.74,Sürükleyici temposu ve sürpriz sonuyla izleyiciyi şaşırtıyor. Duygusal derinliği ve karakter gelişimi ile izlenmeye değer. Görsel efektleriyle izleyiciyi büyülüyor.,3,67
69,Qing Shan,2009,171,Çince,Çin,165558292.11,646236983.6,Gerilim dolu sahneleri ile nefes kesen bir yapım. Sanatsal ve estetik açıdan başarılı bir film.,9,69
70,Shizukesa Tabibito Kaze Yūrei,2000,168,Japonca,Japonya,109089285.44,455630400.15,Fantastik öğelerle gerçek dünyayı harmanlayan bir hikaye. Gerilim dolu sahneleri ile nefes kesen bir yapım.,6,40
71,Sang Nuit,1978,119,Fransızca,Fransa,38040582.25,41311392.76,"Film, izleyiciyi derin bir maceraya sürüklüyor. Yerli kültür motiflerini başarılı şekilde yansıtıyor.",3,30
72,Uri Baram Bitnaneun Bam,2018,105,Korece,Güney Kore,32791305.87,133419570.58,"Konu, aşk ve dramın iç içe geçtiği bir hikayeyi anlatıyor. Yüksek tempolu aksiyon sahneleri ile dikkat çekiyor. Sinema tarihine adını yazdıracak bir yapım. Çocukluk anıları ve aile bağlarını merkezine alıyor.",7,6
73,Hana Tabibito,2018,157,Japonca,Japonya,62017655.37,282508213.21,Yüksek tempolu aksiyon sahneleri ile dikkat çekiyor. Sanatsal ve estetik açıdan başarılı bir film.,2,16
74,Batalla Luz Reino Reina,1987,125,İspanyolca,Meksika,48586922.14,133752745.18,Doğa ve insan ilişkisini estetik bir dille ele alıyor. Yerli kültür motiflerini başarılı şekilde yansıtıyor.,10,45
75,Ken Yoru,2003,116,Japonca,Japonya,51946152.1,202230547.64,Sürükleyici temposu ve sürpriz sonuyla izleyiciyi şaşırtıyor. Tarihi olayları özgün bir perspektiften yorumluyor. Toplumsal mesajlar içeren çarpıcı bir yapım.,4,25
76,Light Soul Night,2014,136,İngilizce,ABD,202220946.6,198775156.51,Unutulmaz sahneleriyle hafızalarda yer ediniyor. Gerilim dolu sahneleri ile nefes kesen bir yapım. Yerli kültür motiflerini başarılı şekilde yansıtıyor.,10,24
77,Fire Blood Shadow King,1977,146,İngilizce,ABD,41205754.79,161948157.82,Toplumsal mesajlar içeren çarpıcı bir yapım. Gerilim dolu sahneleri ile nefes kesen bir yapım. Karakterler arası ilişkiler dikkat çekici şekilde işlenmiş. Sinema tarihine adını yazdıracak bir yapım.,8,15
78,Haneul Bam Bitnaneun,2008,108,Korece,Güney Kore,166397809.39,300789326.71,"Özgün senaryosu ve sürükleyici kurgusuyla öne çıkıyor. Film, izleyiciyi derin bir maceraya sürüklüyor. Çocukluk anıları ve aile bağlarını merkezine alıyor. Toplumsal mesajlar içeren çarpıcı bir yapım.",5,57
79,Drago Sussurro,1976,146,İtalyanca,İtalya,197735204.85,174506577.13,Fantastik öğelerle gerçek dünyayı harmanlayan bir hikaye. Özgün senaryosu ve sürükleyici kurgusuyla öne çıkıyor.,7,57
80,Light Dragon,1993,105,İngilizce,İngiltere,178690768.57,885944530.17,Kültürel öğeler ve tarihsel referanslarla zenginleştirilmiş. Yerli kültür motiflerini başarılı şekilde yansıtıyor. Tarihi olayları özgün bir perspektiften yorumluyor. Doğa ve insan ilişkisini estetik bir dille ele alıyor. Renk paleti ve sinematografisiyle dikkat çekiyor.,4,44
81,Safar Raat,1992,131,Hintçe,Hindistan,296263198.92,829941450.4,Kültürel öğeler ve tarihsel referanslarla zenginleştirilmiş. Toplumsal mesajlar içeren çarpıcı bir yapım.,8,78
82,Chueok Baram Sarangi,1984,92,Korece,Güney Kore,221470607.6,938239434.95,Çarpıcı diyaloglar ve zekice kurgulanmış olay örgüsü var. Çocukluk anıları ve aile bağlarını merkezine alıyor. Sürükleyici senaryosu ve güçlü oyunculuklarla izlenmeli. Sanatsal ve estetik açıdan başarılı bir film. Sinema tarihine adını yazdıracak bir yapım.,3,4
83,Luz Noche Fuego,2009,164,İspanyolca,İspanya,225607119.08,892067354.02,"Sürükleyici temposu ve sürpriz sonuyla izleyiciyi şaşırtıyor. Kültürel öğeler ve tarihsel referanslarla zenginleştirilmiş. Psikolojik derinliği olan karakterlere odaklanıyor. Sürükleyici senaryosu ve güçlü oyunculuklarla izlenmeli. Film, izleyiciyi derin bir maceraya sürüklüyor.",2,10
84,Taiyō Ken Kaze,1997,137,Japonca,Japonya,94710479.75,207748813.79,Tarihi olayları özgün bir perspektiften yorumluyor. Özgün senaryosu ve sürükleyici kurgusuyla öne çıkıyor. Toplumsal mesajlar içeren çarpıcı bir yapım. Unutulmaz sahneleriyle hafızalarda yer ediniyor.,2,50
85,Güneş Sessizlik Kader Rüya,1989,177,Türkçe,Türkiye,33259906.87,117660599.45,"Psikolojik derinliği olan karakterlere odaklanıyor. Özgün senaryosu ve sürükleyici kurgusuyla öne çıkıyor. Sürükleyici temposu ve sürpriz sonuyla izleyiciyi şaşırtıyor. Konu, aşk ve dramın iç içe geçtiği bir hikayeyi anlatıyor. Karakterler arası ilişkiler dikkat çekici şekilde işlenmiş.",7,63
86,Geist Schatten Weg,2001,158,Almanca,Almanya,203108091.23,802097911.08,Sanatsal ve estetik açıdan başarılı bir film. Gizemli atmosferi ile izleyiciyi etkisi altına alıyor.,10,49
87,Light Ghost,2021,177,İngilizce,ABD,267457195.69,544450406.56,"Unutulmaz sahneleriyle hafızalarda yer ediniyor. Gizemli atmosferi ile izleyiciyi etkisi altına alıyor. Konu, aşk ve dramın iç içe geçtiği bir hikayeyi anlatıyor. Çocukluk anıları ve aile bağlarını merkezine alıyor.",10,4
88,Nuit Feu Cœur,1985,155,Fransızca,Fransa,25940050.14,93279400.31,Psikolojik derinliği olan karakterlere odaklanıyor. Sürükleyici senaryosu ve güçlü oyunculuklarla izlenmeli.,4,40
89,Hoshi Tsuki Taiyō Tabibito,1999,145,Japonca,Japonya,270472248.64,459744666.73,Doğa ve insan ilişkisini estetik bir dille ele alıyor. Karakterler arası ilişkiler dikkat çekici şekilde işlenmiş. Sürükleyici senaryosu ve güçlü oyunculuklarla izlenmeli. Gerilim dolu sahneleri ile nefes kesen bir yapım. Toplumsal mesajlar içeren çarpıcı bir yapım.,7,73
90,Storm Battle Night,2014,143,İngilizce,İngiltere,151079172.51,595564303.79,Unutulmaz sahneleriyle hafızalarda yer ediniyor. Görsel efektleriyle izleyiciyi büyülüyor. Toplumsal mesajlar içeren çarpıcı bir yapım. Renk paleti ve sinematografisiyle dikkat çekiyor.,4,44
91,Dragon Light Battle Queen,2023,116,İngilizce,İngiltere,79913952.36,146877146.34,Doğa ve insan ilişkisini estetik bir dille ele alıyor. Sürükleyici senaryosu ve güçlü oyunculuklarla izlenmeli.,9,28
92,Weg Feuer,1974,140,Almanca,Almanya,128418214.14,264917040.64,Unutulmaz sahneleriyle hafızalarda yer ediniyor. Çocukluk anıları ve aile bağlarını merkezine alıyor. Psikolojik derinliği olan karakterlere odaklanıyor. Sürükleyici senaryosu ve güçlü oyunculuklarla izlenmeli.,10,68
93,Cœur Lumière Voix Âme,1996,159,Fransızca,Fransa,154853085.1,545395835.92,Görsel efektleriyle izleyiciyi büyülüyor. Çocukluk anıları ve aile bağlarını merkezine alıyor. Fantastik öğelerle gerçek dünyayı harmanlayan bir hikaye. Mükemmel müzikleri ve sahne tasarımı ile öne çıkıyor. Kültürel öğeler ve tarihsel referanslarla zenginleştirilmiş.,7,33
94,Segreto Fuoco,2004,152,İtalyanca,İtalya,218121213.02,167837179.17,Duygusal derinliği ve karakter gelişimi ile izlenmeye değer. Sanatsal ve estetik açıdan başarılı bir film. Fantastik öğelerle gerçek dünyayı harmanlayan bir hikaye.,10,56
95,Eredità Luce,2018,132,İtalyanca,İtalya,95936627.46,406384168.56,Kültürel öğeler ve tarihsel referanslarla zenginleştirilmiş. Sinema tarihine adını yazdıracak bir yapım. Renk paleti ve sinematografisiyle dikkat çekiyor. Özgün senaryosu ve sürükleyici kurgusuyla öne çıkıyor. Çocukluk anıları ve aile bağlarını merkezine alıyor.,5,56
96,Fuego Susurro Reino,1985,94,İspanyolca,İspanya,45413693.23,28368516.41,"Unutulmaz sahneleriyle hafızalarda yer ediniyor. Renk paleti ve sinematografisiyle dikkat çekiyor. Konu, aşk ve dramın iç içe geçtiği bir hikayeyi anlatıyor. Görsel efektleriyle izleyiciyi büyülüyor. Özgün senaryosu ve sürükleyici kurgusuyla öne çıkıyor.",7,31
97,Seele Traum,1978,115,Almanca,Almanya,197771878.44,255508114.82,"Konu, aşk ve dramın iç içe geçtiği bir hikayeyi anlatıyor. Yüksek tempolu aksiyon sahneleri ile dikkat çekiyor.",1,34
98,Light Battle,2008,132,İngilizce,ABD,269083586.63,947853480.83,Gerilim dolu sahneleri ile nefes kesen bir yapım. Doğa ve insan ilişkisini estetik bir dille ele alıyor. Fantastik öğelerle gerçek dünyayı harmanlayan bir hikaye.,5,9
99,Zhan Tian,1977,179,Çince,Çin,279500909.76,456463071.27,Yerli kültür motiflerini başarılı şekilde yansıtıyor. Sürükleyici senaryosu ve güçlü oyunculuklarla izlenmeli.,9,75
100,Battle King,2023,175,İngilizce,ABD,223315712.76,1051761274.6,Görsel efektleriyle izleyiciyi büyülüyor. Kültürel öğeler ve tarihsel referanslarla zenginleştirilmiş. Mükemmel müzikleri ve sahne tasarımı ile öne çıkıyor.,10,50
101,Zindagi Khwaab,1986,142,Hintçe,Hindistan,160274256.12,584725327.37,Toplumsal mesajlar içeren çarpıcı bir yapım. Çocukluk anıları ve aile bağlarını merkezine alıyor. Duygusal derinliği ve karakter gelişimi ile izlenmeye değer. Kültürel öğeler ve tarihsel referanslarla zenginleştirilmiş. Sanatsal ve estetik açıdan başarılı bir film.,10,8
102,Soul Path,2000,82,İngilizce,ABD,193796577.71,886334935.2,Tarihi olayları özgün bir perspektiften yorumluyor. Çocukluk anıları ve aile bağlarını merkezine alıyor.,6,40
103,Nuit Voix Ombre Étoile,1986,119,Fransızca,Fransa,191865243.06,700840680.06,"Film, izleyiciyi derin bir maceraya sürüklüyor. Karakterler arası ilişkiler dikkat çekici şekilde işlenmiş. Kültürel öğeler ve tarihsel referanslarla zenginleştirilmiş. Sinema tarihine adını yazdıracak bir yapım. Yüksek tempolu aksiyon sahneleri ile dikkat çekiyor.",9,50
104,Sang Lumière Rêve Nuit,1989,136,Fransızca,Fransa,189590134.45,845117478.88,Toplumsal mesajlar içeren çarpıcı bir yapım. Fantastik öğelerle gerçek dünyayı harmanlayan bir hikaye. Unutulmaz sahneleriyle hafızalarda yer ediniyor. Sürükleyici senaryosu ve güçlü oyunculuklarla izlenmeli. Tarihi olayları özgün bir perspektiften yorumluyor.,4,21
105,Pyar Khwaab Zindagi,2022,169,Hintçe,Hindistan,78660537.38,62822438.97,"Tarihi olayları özgün bir perspektiften yorumluyor. Film, izleyiciyi derin bir maceraya sürüklüyor. Yerli kültür motiflerini başarılı şekilde yansıtıyor. Konu, aşk ve dramın iç içe geçtiği bir hikayeyi anlatıyor. Renk paleti ve sinematografisiyle dikkat çekiyor.",2,21
106,Battaglia Regina Eredità,1981,80,İtalyanca,İtalya,120498224.07,400937745.06,Duygusal derinliği ve karakter gelişimi ile izlenmeye değer. Sürükleyici temposu ve sürpriz sonuyla izleyiciyi şaşırtıyor. Tarihi olayları özgün bir perspektiften yorumluyor.,8,18
107,Fuoco Tempesta Notte,2018,167,İtalyanca,İtalya,123389703.39,583310262.34,Çocukluk anıları ve aile bağlarını merkezine alıyor. Doğa ve insan ilişkisini estetik bir dille ele alıyor. Sürükleyici senaryosu ve güçlü oyunculuklarla izlenmeli.,3,77
108,Nacht Schatten Weg Blut,1982,127,Almanca,Almanya,54975831.51,244299129.35,Yüksek tempolu aksiyon sahneleri ile dikkat çekiyor. Mükemmel müzikleri ve sahne tasarımı ile öne çıkıyor. Görsel efektleriyle izleyiciyi büyülüyor.,2,54
109,König Geist,2014,131,Almanca,Almanya,185592212.85,594223076.27,"Doğa ve insan ilişkisini estetik bir dille ele alıyor. Gerilim dolu sahneleri ile nefes kesen bir yapım. Film, izleyiciyi derin bir maceraya sürüklüyor.",3,7
110,Luz Noche,2003,166,İspanyolca,Meksika,148497634.53,224257827.17,Fantastik öğelerle gerçek dünyayı harmanlayan bir hikaye. Toplumsal mesajlar içeren çarpıcı bir yapım. Karakterler arası ilişkiler dikkat çekici şekilde işlenmiş. Sanatsal ve estetik açıdan başarılı bir film.,7,59
111,Prem Sapna,1983,116,Hintçe,Hindistan,218149066.08,294966826.93,Sinema tarihine adını yazdıracak bir yapım. Kültürel öğeler ve tarihsel referanslarla zenginleştirilmiş.,10,28
112,Lumière Étoile,2009,127,Fransızca,Fransa,175079471.66,597469211.85,Sürükleyici senaryosu ve güçlü oyunculuklarla izlenmeli. Tarihi olayları özgün bir perspektiften yorumluyor. Karakterler arası ilişkiler dikkat çekici şekilde işlenmiş.,8,32
113,Ombra Sussurro Segreto Luce,1983,174,İtalyanca,İtalya,179360184.07,148644803.13,Gizemli atmosferi ile izleyiciyi etkisi altına alıyor. Çarpıcı diyaloglar ve zekice kurgulanmış olay örgüsü var. Çocukluk anıları ve aile bağlarını merkezine alıyor. Tarihi olayları özgün bir perspektiften yorumluyor. Fantastik öğelerle gerçek dünyayı harmanlayan bir hikaye.,7,55
114,Tabibito Kaze Shizukesa Taiyō,1970,159,Japonca,Japonya,114590833.78,561364157.67,Kültürel öğeler ve tarihsel referanslarla zenginleştirilmiş. Özgün senaryosu ve sürükleyici kurgusuyla öne çıkıyor. Sürükleyici temposu ve sürpriz sonuyla izleyiciyi şaşırtıyor.,5,65
115,Gidae Bam,1991,91,Korece,Güney Kore,95536557.34,275805166.08,"Konu, aşk ve dramın iç içe geçtiği bir hikayeyi anlatıyor. Sanatsal ve estetik açıdan başarılı bir film. Toplumsal mesajlar içeren çarpıcı bir yapım. Kültürel öğeler ve tarihsel referanslarla zenginleştirilmiş.",8,17
116,Reino Secreto Dragón,1993,113,İspanyolca,Meksika,184073005.4,722861619.83,Sürükleyici senaryosu ve güçlü oyunculuklarla izlenmeli. Fantastik öğelerle gerçek dünyayı harmanlayan bir hikaye. Toplumsal mesajlar içeren çarpıcı bir yapım.,7,37
117,Rüya Gece,2005,104,Türkçe,Türkiye,45011931.71,69065068.16,Tarihi olayları özgün bir perspektiften yorumluyor. Mükemmel müzikleri ve sahne tasarımı ile öne çıkıyor. Unutulmaz sahneleriyle hafızalarda yer ediniyor.,8,7
118,Fire Queen Storm,2001,125,İngilizce,İngiltere,296651165.82,897027246.09,Gizemli atmosferi ile izleyiciyi etkisi altına alıyor. Yüksek tempolu aksiyon sahneleri ile dikkat çekiyor.,1,57
119,Secret Ombre Âme Lumière,1988,175,Fransızca,Fransa,152866960.3,264087150.43,Unutulmaz sahneleriyle hafızalarda yer ediniyor. Yüksek tempolu aksiyon sahneleri ile dikkat çekiyor. Duygusal derinliği ve karakter gelişimi ile izlenmeye değer.,3,22
120,Sarang Bimil,2013,83,Korece,Güney Kore,85642234.81,421017666.42,Sürükleyici senaryosu ve güçlü oyunculuklarla izlenmeli. Sanatsal ve estetik açıdan başarılı bir film.,2,43
121,Taiyō Tabibito Ken Hoshi,1975,138,Japonca,Japonya,188692843.49,323029498.5,Fantastik öğelerle gerçek dünyayı harmanlayan bir hikaye. Doğa ve insan ilişkisini estetik bir dille ele alıyor. Sanatsal ve estetik açıdan başarılı bir film. Görsel efektleriyle izleyiciyi büyülüyor.,8,62
122,Unmei Yoru Ken Yūrei,2021,87,Japonca,Japonya,223268097.73,661365428.48,Duygusal derinliği ve karakter gelişimi ile izlenmeye değer. Yerli kültür motiflerini başarılı şekilde yansıtıyor. Karakterler arası ilişkiler dikkat çekici şekilde işlenmiş.,5,42
123,Storm Queen Night Fire,1971,129,İngilizce,İngiltere,233958017.27,416962669.01,Fantastik öğelerle gerçek dünyayı harmanlayan bir hikaye. Sinema tarihine adını yazdıracak bir yapım. Çocukluk anıları ve aile bağlarını merkezine alıyor. Çarpıcı diyaloglar ve zekice kurgulanmış olay örgüsü var. Sanatsal ve estetik açıdan başarılı bir film.,4,21
124,Dream Fire River,2012,145,İngilizce,ABD,60361442.55,151174681.59,Yüksek tempolu aksiyon sahneleri ile dikkat çekiyor. Yerli kültür motiflerini başarılı şekilde yansıtıyor. Unutulmaz sahneleriyle hafızalarda yer ediniyor. Gizemli atmosferi ile izleyiciyi etkisi altına alıyor. Çarpıcı diyaloglar ve zekice kurgulanmış olay örgüsü var.,2,48
125,Aşk Sessizlik Yol Rüya,1997,85,Türkçe,Türkiye,154245767.03,752676625.94,Sinema tarihine adını yazdıracak bir yapım. Mükemmel müzikleri ve sahne tasarımı ile öne çıkıyor.,7,12
126,Dosti Khwaab Prem,1975,99,Hintçe,Hindistan,295263776.8,1056870917.8,"Doğa ve insan ilişkisini estetik bir dille ele alıyor. Konu, aşk ve dramın iç içe geçtiği bir hikayeyi anlatıyor. Psikolojik derinliği olan karakterlere odaklanıyor. Yüksek tempolu aksiyon sahneleri ile dikkat çekiyor.",8,39
127,Tsuki Yūrei Tabibito Hana,2002,134,Japonca,Japonya,124199311.65,321794729.91,Yerli kültür motiflerini başarılı şekilde yansıtıyor. Sürükleyici temposu ve sürpriz sonuyla izleyiciyi şaşırtıyor.,2,66
128,Unmei Yūrei,1977,180,Japonca,Japonya,55071336.3,124918753.74,Doğa ve insan ilişkisini estetik bir dille ele alıyor. Fantastik öğelerle gerçek dünyayı harmanlayan bir hikaye. Mükemmel müzikleri ve sahne tasarımı ile öne çıkıyor. Yerli kültür motiflerini başarılı şekilde yansıtıyor.,8,23
129,Luce Tempesta,1998,123,İtalyanca,İtalya,290032528.22,1282248796.76,Fantastik öğelerle gerçek dünyayı harmanlayan bir hikaye. Çarpıcı diyaloglar ve zekice kurgulanmış olay örgüsü var.,10,34
130,Kampf Weg,2013,148,Almanca,Almanya,5865608.12,13357176.26,Mükemmel müzikleri ve sahne tasarımı ile öne çıkıyor. Tarihi olayları özgün bir perspektiften yorumluyor. Karakterler arası ilişkiler dikkat çekici şekilde işlenmiş. Çocukluk anıları ve aile bağlarını merkezine alıyor. Fantastik öğelerle gerçek dünyayı harmanlayan bir hikaye.,2,56
131,Legado Susurro Dragón Noche,2016,159,İspanyolca,İspanya,244033177.64,799294487.87,"Sanatsal ve estetik açıdan başarılı bir film. Film, izleyiciyi derin bir maceraya sürüklüyor.",8,39
132,Ombre Sang Voix Âme,1977,83,Fransızca,Fransa,63164229.36,215946151.43,Sinema tarihine adını yazdıracak bir yapım. Yerli kültür motiflerini başarılı şekilde yansıtıyor.,1,25
133,Saebyeok Bitnaneun Chueok Uri,1979,82,Korece,Güney Kore,35379416.46,161360884.25,Mükemmel müzikleri ve sahne tasarımı ile öne çıkıyor. Doğa ve insan ilişkisini estetik bir dille ele alıyor.,8,55
134,Âme Sang Liberté Étoile,1982,130,Fransızca,Fransa,15751192.98,8433728.43,"Konu, aşk ve dramın iç içe geçtiği bir hikayeyi anlatıyor. Toplumsal mesajlar içeren çarpıcı bir yapım. Karakterler arası ilişkiler dikkat çekici şekilde işlenmiş. Sürükleyici temposu ve sürpriz sonuyla izleyiciyi şaşırtıyor.",5,73
135,Batalla Secreto Reino,2016,109,İspanyolca,İspanya,214429953.47,616998526.67,Kültürel öğeler ve tarihsel referanslarla zenginleştirilmiş. Renk paleti ve sinematografisiyle dikkat çekiyor.,10,63
136,Prem Dil Sapna Aag,2000,159,Hintçe,Hindistan,281719860.57,580466449.8,Toplumsal mesajlar içeren çarpıcı bir yapım. Gizemli atmosferi ile izleyiciyi etkisi altına alıyor. Mükemmel müzikleri ve sahne tasarımı ile öne çıkıyor.,2,64
137,Liberté Étoile Cœur Rêve,2002,167,Fransızca,Fransa,102076323.09,327608916.14,Unutulmaz sahneleriyle hafızalarda yer ediniyor. Çocukluk anıları ve aile bağlarını merkezine alıyor. Renk paleti ve sinematografisiyle dikkat çekiyor. Fantastik öğelerle gerçek dünyayı harmanlayan bir hikaye. Gizemli atmosferi ile izleyiciyi etkisi altına alıyor.,4,76
138,Bitnaneun Sarangi Chueok Haneul,2021,106,Korece,Güney Kore,85095935.97,329461200.41,Çarpıcı diyaloglar ve zekice kurgulanmış olay örgüsü var. Toplumsal mesajlar içeren çarpıcı bir yapım. Gerilim dolu sahneleri ile nefes kesen bir yapım.,3,80
139,Aag Zindagi Sapna,2001,106,Hintçe,Hindistan,167270738.0,835797598.95,"Sürükleyici temposu ve sürpriz sonuyla izleyiciyi şaşırtıyor. Konu, aşk ve dramın iç içe geçtiği bir hikayeyi anlatıyor. Yüksek tempolu aksiyon sahneleri ile dikkat çekiyor.",5,31
140,Ghost Soul Shadow,1997,109,İngilizce,ABD,36646065.83,55278038.8,Sanatsal ve estetik açıdan başarılı bir film. Tarihi olayları özgün bir perspektiften yorumluyor. Sürükleyici temposu ve sürpriz sonuyla izleyiciyi şaşırtıyor. Çarpıcı diyaloglar ve zekice kurgulanmış olay örgüsü var.,2,80
141,Battaglia Sussurro,1976,138,İtalyanca,İtalya,288812809.16,1126641299.11,"Psikolojik derinliği olan karakterlere odaklanıyor. Konu, aşk ve dramın iç içe geçtiği bir hikayeyi anlatıyor.",1,57
142,Long Shan Hua,1976,106,Çince,Çin,273340238.28,329825031.75,Fantastik öğelerle gerçek dünyayı harmanlayan bir hikaye. Gerilim dolu sahneleri ile nefes kesen bir yapım. Sanatsal ve estetik açıdan başarılı bir film. Renk paleti ve sinematografisiyle dikkat çekiyor. Gizemli atmosferi ile izleyiciyi etkisi altına alıyor.,3,16
143,Night Dream,2022,105,İngilizce,ABD,132012984.04,312986187.73,Sinema tarihine adını yazdıracak bir yapım. Sürükleyici temposu ve sürpriz sonuyla izleyiciyi şaşırtıyor. Özgün senaryosu ve sürükleyici kurgusuyla öne çıkıyor. Yüksek tempolu aksiyon sahneleri ile dikkat çekiyor.,3,16
144,Licht Nacht Kampf Seele,1993,160,Almanca,Almanya,199666078.85,236055314.64,Unutulmaz sahneleriyle hafızalarda yer ediniyor. Mükemmel müzikleri ve sahne tasarımı ile öne çıkıyor. Sürükleyici temposu ve sürpriz sonuyla izleyiciyi şaşırtıyor. Çocukluk anıları ve aile bağlarını merkezine alıyor. Gizemli atmosferi ile izleyiciyi etkisi altına alıyor.,7,47
145,Tabibito Ken,1998,171,Japonca,Japonya,241970936.27,1148489105.22,"Yerli kültür motiflerini başarılı şekilde yansıtıyor. Özgün senaryosu ve sürükleyici kurgusuyla öne çıkıyor. Unutulmaz sahneleriyle hafızalarda yer ediniyor. Konu, aşk ve dramın iç içe geçtiği bir hikayeyi anlatıyor. Karakterler arası ilişkiler dikkat çekici şekilde işlenmiş.",3,2
146,Shizukesa Yūrei Unmei Tsuki,2012,87,Japonca,Japonya,293331026.32,1440317477.49,"Fantastik öğelerle gerçek dünyayı harmanlayan bir hikaye. Sürükleyici senaryosu ve güçlü oyunculuklarla izlenmeli. Gizemli atmosferi ile izleyiciyi etkisi altına alıyor. Film, izleyiciyi derin bir maceraya sürüklüyor.",3,74
147,Fluss Seele Traum Geist,2003,169,Almanca,Almanya,121479452.94,412721225.81,"Yerli kültür motiflerini başarılı şekilde yansıtıyor. Görsel efektleriyle izleyiciyi büyülüyor. Sinema tarihine adını yazdıracak bir yapım. Yüksek tempolu aksiyon sahneleri ile dikkat çekiyor. Konu, aşk ve dramın iç içe geçtiği bir hikayeyi anlatıyor.",10,19
148,Hua Long,1991,146,Çince,Çin,297581228.88,529002820.44,Sürükleyici temposu ve sürpriz sonuyla izleyiciyi şaşırtıyor. Sürükleyici senaryosu ve güçlü oyunculuklarla izlenmeli. Yerli kültür motiflerini başarılı şekilde yansıtıyor. Renk paleti ve sinematografisiyle dikkat çekiyor.,7,17
149,Kader Umutsuz Güneş,1971,155,Türkçe,Türkiye,77977708.97,331017748.24,"Fantastik öğelerle gerçek dünyayı harmanlayan bir hikaye. Konu, aşk ve dramın iç içe geçtiği bir hikayeyi anlatıyor.",1,70
150,Dream Fire,1986,95,İngilizce,ABD,14795995.44,50740364.17,Mükemmel müzikleri ve sahne tasarımı ile öne çıkıyor. Sürükleyici senaryosu ve güçlü oyunculuklarla izlenmeli.,9,46
151,Secret Ombre Feu Rêve,2021,171,Fransızca,Fransa,268354499.92,892238347.2,Çocukluk anıları ve aile bağlarını merkezine alıyor. Tarihi olayları özgün bir perspektiften yorumluyor. Doğa ve insan ilişkisini estetik bir dille ele alıyor. Sanatsal ve estetik açıdan başarılı bir film.,10,73
152,Fuego Reina Tormenta,1994,93,İspanyolca,Meksika,98690165.44,307978521.39,"Unutulmaz sahneleriyle hafızalarda yer ediniyor. Yüksek tempolu aksiyon sahneleri ile dikkat çekiyor. Konu, aşk ve dramın iç içe geçtiği bir hikayeyi anlatıyor. Sanatsal ve estetik açıdan başarılı bir film. Toplumsal mesajlar içeren çarpıcı bir yapım.",9,32
153,Sang Rêve Secret Étoile,1998,166,Fransızca,Fransa,158113553.14,497595615.1,Mükemmel müzikleri ve sahne tasarımı ile öne çıkıyor. Tarihi olayları özgün bir perspektiften yorumluyor. Toplumsal mesajlar içeren çarpıcı bir yapım. Fantastik öğelerle gerçek dünyayı harmanlayan bir hikaye. Unutulmaz sahneleriyle hafızalarda yer ediniyor.,2,48
154,Güneş Kader Kral Aşk,1979,142,Türkçe,Türkiye,213489595.02,231045558.74,"Toplumsal mesajlar içeren çarpıcı bir yapım. Konu, aşk ve dramın iç içe geçtiği bir hikayeyi anlatıyor. Fantastik öğelerle gerçek dünyayı harmanlayan bir hikaye. Özgün senaryosu ve sürükleyici kurgusuyla öne çıkıyor. Psikolojik derinliği olan karakterlere odaklanıyor.",9,17
155,Blood Battle,1977,94,İngilizce,ABD,36699495.21,112775398.0,Gizemli atmosferi ile izleyiciyi etkisi altına alıyor. Sinema tarihine adını yazdıracak bir yapım.,10,53
156,Light Shadow Fire River,1989,83,İngilizce,ABD,237465508.47,270622609.82,Özgün senaryosu ve sürükleyici kurgusuyla öne çıkıyor. Fantastik öğelerle gerçek dünyayı harmanlayan bir hikaye. Toplumsal mesajlar içeren çarpıcı bir yapım.,5,63
157,Yūrei Tsuki Hoshi Tabibito,1977,88,Japonca,Japonya,261192747.51,621400582.07,Toplumsal mesajlar içeren çarpıcı bir yapım. Fantastik öğelerle gerçek dünyayı harmanlayan bir hikaye. Çarpıcı diyaloglar ve zekice kurgulanmış olay örgüsü var. Sanatsal ve estetik açıdan başarılı bir film. Yerli kültür motiflerini başarılı şekilde yansıtıyor.,9,45
158,Kral Düş Sessizlik,2002,165,Türkçe,Türkiye,134997884.28,593795617.07,"Karakterler arası ilişkiler dikkat çekici şekilde işlenmiş. Duygusal derinliği ve karakter gelişimi ile izlenmeye değer. Sürükleyici senaryosu ve güçlü oyunculuklarla izlenmeli. Psikolojik derinliği olan karakterlere odaklanıyor. Konu, aşk ve dramın iç içe geçtiği bir hikayeyi anlatıyor.",8,58
159,Notte Regno Regina Eredità,1998,101,İtalyanca,İtalya,212308983.53,652632841.26,Görsel efektleriyle izleyiciyi büyülüyor. Çarpıcı diyaloglar ve zekice kurgulanmış olay örgüsü var.,5,12
160,Ye Yue,2006,146,Çince,Çin,57224063.93,151143666.27,"Film, izleyiciyi derin bir maceraya sürüklüyor. Kültürel öğeler ve tarihsel referanslarla zenginleştirilmiş. Görsel efektleriyle izleyiciyi büyülüyor.",1,73
161,Secret Lumière Étoile,2023,90,Fransızca,Fransa,242172846.73,782423341.52,Sürükleyici senaryosu ve güçlü oyunculuklarla izlenmeli. Unutulmaz sahneleriyle hafızalarda yer ediniyor.,10,57
162,Güneş Yol,1996,120,Türkçe,Türkiye,114912289.52,104525698.96,Sanatsal ve estetik açıdan başarılı bir film. Özgün senaryosu ve sürükleyici kurgusuyla öne çıkıyor. Kültürel öğeler ve tarihsel referanslarla zenginleştirilmiş. Yerli kültür motiflerini başarılı şekilde yansıtıyor.,1,68
163,Storm Shadow Legacy,1979,166,İngilizce,İngiltere,51172718.87,167086062.1,Karakterler arası ilişkiler dikkat çekici şekilde işlenmiş. Gerilim dolu sahneleri ile nefes kesen bir yapım. Sürükleyici senaryosu ve güçlü oyunculuklarla izlenmeli. Sanatsal ve estetik açıdan başarılı bir film.,5,53
164,Pyar Dosti Safar Khwaab,1990,95,Hintçe,Hindistan,16037496.5,25312034.23,"Gerilim dolu sahneleri ile nefes kesen bir yapım. Kültürel öğeler ve tarihsel referanslarla zenginleştirilmiş. Konu, aşk ve dramın iç içe geçtiği bir hikayeyi anlatıyor. Sürükleyici senaryosu ve güçlü oyunculuklarla izlenmeli. Mükemmel müzikleri ve sahne tasarımı ile öne çıkıyor.",5,49
165,Ling Hua,1996,83,Çince,Çin,122544390.03,190168312.11,Duygusal derinliği ve karakter gelişimi ile izlenmeye değer. Yerli kültür motiflerini başarılı şekilde yansıtıyor.,2,62
166,Hua Zhan Feng Xin,2011,152,Çince,Çin,122320403.46,107346869.32,Duygusal derinliği ve karakter gelişimi ile izlenmeye değer. Psikolojik derinliği olan karakterlere odaklanıyor. Unutulmaz sahneleriyle hafızalarda yer ediniyor.,3,39
167,Feng Ri Yue Shan,1998,139,Çince,Çin,288353775.55,949631057.25,Çarpıcı diyaloglar ve zekice kurgulanmış olay örgüsü var. Kültürel öğeler ve tarihsel referanslarla zenginleştirilmiş. Çocukluk anıları ve aile bağlarını merkezine alıyor. Karakterler arası ilişkiler dikkat çekici şekilde işlenmiş.,1,1
168,River King Fire Path,2023,145,İngilizce,ABD,84752731.0,103938492.6,Tarihi olayları özgün bir perspektiften yorumluyor. Gerilim dolu sahneleri ile nefes kesen bir yapım. Sanatsal ve estetik açıdan başarılı bir film. Fantastik öğelerle gerçek dünyayı harmanlayan bir hikaye. Psikolojik derinliği olan karakterlere odaklanıyor.,4,75
169,Geist Weg Feuer Traum,1997,144,Almanca,Almanya,287246443.52,555065760.36,Duygusal derinliği ve karakter gelişimi ile izlenmeye değer. Çocukluk anıları ve aile bağlarını merkezine alıyor. Sürükleyici senaryosu ve güçlü oyunculuklarla izlenmeli. Görsel efektleriyle izleyiciyi büyülüyor.,4,79
170,Bitnaneun Baram Chueok Sarangi,2008,168,Korece,Güney Kore,40550860.58,188567990.43,Psikolojik derinliği olan karakterlere odaklanıyor. Tarihi olayları özgün bir perspektiften yorumluyor. Toplumsal mesajlar içeren çarpıcı bir yapım. Yerli kültür motiflerini başarılı şekilde yansıtıyor. Karakterler arası ilişkiler dikkat çekici şekilde işlenmiş.,6,3
171,Yue Ye Xin,1975,83,Çince,Çin,267825371.83,1117435665.5,Çarpıcı diyaloglar ve zekice kurgulanmış olay örgüsü var. Gizemli atmosferi ile izleyiciyi etkisi altına alıyor. Karakterler arası ilişkiler dikkat çekici şekilde işlenmiş. Özgün senaryosu ve sürükleyici kurgusuyla öne çıkıyor. Yerli kültür motiflerini başarılı şekilde yansıtıyor.,2,69
172,Susurro Sombra,1970,127,İspanyolca,Meksika,280906230.9,702433968.01,Çocukluk anıları ve aile bağlarını merkezine alıyor. Tarihi olayları özgün bir perspektiften yorumluyor. Gizemli atmosferi ile izleyiciyi etkisi altına alıyor. Görsel efektleriyle izleyiciyi büyülüyor.,2,60
173,Shadow Night Fire,2022,171,İngilizce,İngiltere,66733730.32,327698387.91,"Film, izleyiciyi derin bir maceraya sürüklüyor. Görsel efektleriyle izleyiciyi büyülüyor. Renk paleti ve sinematografisiyle dikkat çekiyor.",10,39
174,Jeevan Pyar Rang Sapna,1977,144,Hintçe,Hindistan,148456390.77,442850363.68,Doğa ve insan ilişkisini estetik bir dille ele alıyor. Sanatsal ve estetik açıdan başarılı bir film.,5,73
175,Noche Luz Sombra Reino,1974,152,İspanyolca,Meksika,256715948.22,1146111924.1,"Çocukluk anıları ve aile bağlarını merkezine alıyor. Psikolojik derinliği olan karakterlere odaklanıyor. Mükemmel müzikleri ve sahne tasarımı ile öne çıkıyor. Film, izleyiciyi derin bir maceraya sürüklüyor.",3,34
176,Rang Khwaab,2011,135,Hintçe,Hindistan,253380295.34,590614653.25,"Toplumsal mesajlar içeren çarpıcı bir yapım. Gizemli atmosferi ile izleyiciyi etkisi altına alıyor. Sürükleyici temposu ve sürpriz sonuyla izleyiciyi şaşırtıyor. Yerli kültür motiflerini başarılı şekilde yansıtıyor. Konu, aşk ve dramın iç içe geçtiği bir hikayeyi anlatıyor.",1,42
177,Luz Secreto Reina,1984,133,İspanyolca,Meksika,159956879.54,307611290.13,Fantastik öğelerle gerçek dünyayı harmanlayan bir hikaye. Duygusal derinliği ve karakter gelişimi ile izlenmeye değer.,1,36
178,Legado Reina Sombra Fuego,1997,105,İspanyolca,Meksika,49762231.79,94479884.98,"Film, izleyiciyi derin bir maceraya sürüklüyor. Doğa ve insan ilişkisini estetik bir dille ele alıyor. Renk paleti ve sinematografisiyle dikkat çekiyor. Sürükleyici senaryosu ve güçlü oyunculuklarla izlenmeli. Kültürel öğeler ve tarihsel referanslarla zenginleştirilmiş.",2,32
179,Ombre Nuit Secret Étoile,1976,123,Fransızca,Fransa,249838995.01,1048662225.76,Renk paleti ve sinematografisiyle dikkat çekiyor. Mükemmel müzikleri ve sahne tasarımı ile öne çıkıyor.,8,31
180,Reina Tormenta Sombras Fuego,1977,84,İspanyolca,İspanya,113529842.34,511494719.42,Sinema tarihine adını yazdıracak bir yapım. Çarpıcı diyaloglar ve zekice kurgulanmış olay örgüsü var.,2,8
181,Drago Regina Battaglia,1997,166,İtalyanca,İtalya,17209092.76,12647205.69,"Duygusal derinliği ve karakter gelişimi ile izlenmeye değer. Çarpıcı diyaloglar ve zekice kurgulanmış olay örgüsü var. Çocukluk anıları ve aile bağlarını merkezine alıyor. Film, izleyiciyi derin bir maceraya sürüklüyor. Mükemmel müzikleri ve sahne tasarımı ile öne çıkıyor.",2,14
182,Dil Safar Khwaab Zindagi,1999,159,Hintçe,Hindistan,30832739.32,105729977.6,"Gerilim dolu sahneleri ile nefes kesen bir yapım. Film, izleyiciyi derin bir maceraya sürüklüyor. Çarpıcı diyaloglar ve zekice kurgulanmış olay örgüsü var.",7,80
183,Dragón Fuego Batalla,1974,153,İspanyolca,Meksika,38231497.04,106667445.4,"Özgün senaryosu ve sürükleyici kurgusuyla öne çıkıyor. Duygusal derinliği ve karakter gelişimi ile izlenmeye değer. Sanatsal ve estetik açıdan başarılı bir film. Konu, aşk ve dramın iç içe geçtiği bir hikayeyi anlatıyor. Sinema tarihine adını yazdıracak bir yapım.",10,25
184,Tormenta Fuego,1997,119,İspanyolca,İspanya,175307943.47,514554527.93,Çarpıcı diyaloglar ve zekice kurgulanmış olay örgüsü var. Sürükleyici senaryosu ve güçlü oyunculuklarla izlenmeli. Sinema tarihine adını yazdıracak bir yapım. Gizemli atmosferi ile izleyiciyi etkisi altına alıyor.,9,46
185,Taiyō Unmei Tabibito Senshi,2003,87,Japonca,Japonya,71597512.96,299730604.92,Renk paleti ve sinematografisiyle dikkat çekiyor. Görsel efektleriyle izleyiciyi büyülüyor. Yüksek tempolu aksiyon sahneleri ile dikkat çekiyor.,10,19
186,Ghost River Fire Light,1982,156,İngilizce,ABD,207877944.84,900951134.83,"Özgün senaryosu ve sürükleyici kurgusuyla öne çıkıyor. Gerilim dolu sahneleri ile nefes kesen bir yapım. Mükemmel müzikleri ve sahne tasarımı ile öne çıkıyor. Konu, aşk ve dramın iç içe geçtiği bir hikayeyi anlatıyor.",8,60
187,Bitnaneun Bimil,1984,168,Korece,Güney Kore,69467066.05,229772051.84,"Görsel efektleriyle izleyiciyi büyülüyor. Karakterler arası ilişkiler dikkat çekici şekilde işlenmiş. Özgün senaryosu ve sürükleyici kurgusuyla öne çıkıyor. Film, izleyiciyi derin bir maceraya sürüklüyor. Gizemli atmosferi ile izleyiciyi etkisi altına alıyor.",1,29
188,Hana Tsuki,1974,151,Japonca,Japonya,34999193.13,63264295.43,"Konu, aşk ve dramın iç içe geçtiği bir hikayeyi anlatıyor. Film, izleyiciyi derin bir maceraya sürüklüyor. Görsel efektleriyle izleyiciyi büyülüyor. Sinema tarihine adını yazdıracak bir yapım.",6,4
189,Gölge Yol,1984,123,Türkçe,Türkiye,254336488.05,408677831.63,"Gerilim dolu sahneleri ile nefes kesen bir yapım. Film, izleyiciyi derin bir maceraya sürüklüyor. Çocukluk anıları ve aile bağlarını merkezine alıyor. Sanatsal ve estetik açıdan başarılı bir film.",5,23
190,Rang Sapna Khwaab,2011,106,Hintçe,Hindistan,91869177.22,145215283.95,Tarihi olayları özgün bir perspektiften yorumluyor. Yüksek tempolu aksiyon sahneleri ile dikkat çekiyor. Gerilim dolu sahneleri ile nefes kesen bir yapım. Sanatsal ve estetik açıdan başarılı bir film. Görsel efektleriyle izleyiciyi büyülüyor.,2,44
191,Lumière Secret,2004,120,Fransızca,Fransa,180064974.2,881673188.41,Psikolojik derinliği olan karakterlere odaklanıyor. Sinema tarihine adını yazdıracak bir yapım. Sanatsal ve estetik açıdan başarılı bir film.,7,48
192,Night King Dream,1985,96,İngilizce,ABD,255525040.19,1241271496.02,Özgün senaryosu ve sürükleyici kurgusuyla öne çıkıyor. Sürükleyici temposu ve sürpriz sonuyla izleyiciyi şaşırtıyor.,1,36
193,Zindagi Khwaab Safar Pyar,2018,143,Hintçe,Hindistan,155908263.67,203537198.05,"Kültürel öğeler ve tarihsel referanslarla zenginleştirilmiş. Doğa ve insan ilişkisini estetik bir dille ele alıyor. Karakterler arası ilişkiler dikkat çekici şekilde işlenmiş. Renk paleti ve sinematografisiyle dikkat çekiyor. Konu, aşk ve dramın iç içe geçtiği bir hikayeyi anlatıyor.",9,48
194,Secret Cœur Feu,1984,110,Fransızca,Fransa,119072042.64,223497707.67,Psikolojik derinliği olan karakterlere odaklanıyor. Yüksek tempolu aksiyon sahneleri ile dikkat çekiyor. Sanatsal ve estetik açıdan başarılı bir film. Yerli kültür motiflerini başarılı şekilde yansıtıyor.,4,58
195,Battle Secret Dragon Fire,1988,125,İngilizce,İngiltere,69438184.67,47575096.39,Unutulmaz sahneleriyle hafızalarda yer ediniyor. Gizemli atmosferi ile izleyiciyi etkisi altına alıyor. Toplumsal mesajlar içeren çarpıcı bir yapım. Sürükleyici senaryosu ve güçlü oyunculuklarla izlenmeli. Kültürel öğeler ve tarihsel referanslarla zenginleştirilmiş.,8,67
196,Aag Khwaab,1971,109,Hintçe,Hindistan,80054651.01,67365828.08,Kültürel öğeler ve tarihsel referanslarla zenginleştirilmiş. Duygusal derinliği ve karakter gelişimi ile izlenmeye değer.,3,57
197,Secret Night Legacy Battle,1977,84,İngilizce,İngiltere,164034804.97,328382963.5,Tarihi olayları özgün bir perspektiften yorumluyor. Çarpıcı diyaloglar ve zekice kurgulanmış olay örgüsü var. Sanatsal ve estetik açıdan başarılı bir film.,2,47
198,Dragón Susurro Batalla,2017,81,İspanyolca,Meksika,231137789.21,408721811.61,Toplumsal mesajlar içeren çarpıcı bir yapım. Renk paleti ve sinematografisiyle dikkat çekiyor.,9,34
199,Zhan Hua Tian,2018,109,Çince,Çin,68464427.55,265033798.36,Fantastik öğelerle gerçek dünyayı harmanlayan bir hikaye. Mükemmel müzikleri ve sahne tasarımı ile öne çıkıyor. Sürükleyici senaryosu ve güçlü oyunculuklarla izlenmeli. Yüksek tempolu aksiyon sahneleri ile dikkat çekiyor. Görsel efektleriyle izleyiciyi büyülüyor.,3,51
200,Sapna Pyar Jeevan,2019,136,Hintçe,Hindistan,135266594.7,407559694.2,"Fantastik öğelerle gerçek dünyayı harmanlayan bir hikaye. Film, izleyiciyi derin bir maceraya sürüklüyor. Toplumsal mesajlar içeren çarpıcı bir yapım. Çocukluk anıları ve aile bağlarını merkezine alıyor.",7,27
201,Blood Fire Ghost Shadow,1991,134,İngilizce,ABD,205885960.36,476658780.88,Sanatsal ve estetik açıdan başarılı bir film. Sürükleyici senaryosu ve güçlü oyunculuklarla izlenmeli.,4,54
202,Dragón Reina,2010,153,İspanyolca,İspanya,260149954.29,1277537766.75,Görsel efektleriyle izleyiciyi büyülüyor. Toplumsal mesajlar içeren çarpıcı bir yapım. Gerilim dolu sahneleri ile nefes kesen bir yapım. Sürükleyici senaryosu ve güçlü oyunculuklarla izlenmeli. Doğa ve insan ilişkisini estetik bir dille ele alıyor.,10,78
203,Saebyeok Uri,2010,101,Korece,Güney Kore,31741796.64,94847043.22,"Film, izleyiciyi derin bir maceraya sürüklüyor. Özgün senaryosu ve sürükleyici kurgusuyla öne çıkıyor. Görsel efektleriyle izleyiciyi büyülüyor. Yüksek tempolu aksiyon sahneleri ile dikkat çekiyor. Karakterler arası ilişkiler dikkat çekici şekilde işlenmiş.",5,12
204,Blut Schatten Kampf,1983,164,Almanca,Almanya,157556511.35,401136765.22,Unutulmaz sahneleriyle hafızalarda yer ediniyor. Karakterler arası ilişkiler dikkat çekici şekilde işlenmiş. Özgün senaryosu ve sürükleyici kurgusuyla öne çıkıyor. Gerilim dolu sahneleri ile nefes kesen bir yapım.,4,38
205,Yol Aşk,2004,175,Türkçe,Türkiye,21094515.73,101210124.72,Unutulmaz sahneleriyle hafızalarda yer ediniyor. Tarihi olayları özgün bir perspektiften yorumluyor. Çocukluk anıları ve aile bağlarını merkezine alıyor. Toplumsal mesajlar içeren çarpıcı bir yapım.,7,62
206,Gece Aşk Gölge,2008,155,Türkçe,Türkiye,61290365.74,228335677.07,Mükemmel müzikleri ve sahne tasarımı ile öne çıkıyor. Yüksek tempolu aksiyon sahneleri ile dikkat çekiyor. Karakterler arası ilişkiler dikkat çekici şekilde işlenmiş.,10,40
207,Fuego Batalla Sombras,2021,122,İspanyolca,İspanya,273135610.41,1217249950.69,Sinema tarihine adını yazdıracak bir yapım. Renk paleti ve sinematografisiyle dikkat çekiyor.,4,68
208,Haneul Sarangi Uri,1992,158,Korece,Güney Kore,247117166.83,1068608148.83,Mükemmel müzikleri ve sahne tasarımı ile öne çıkıyor. Karakterler arası ilişkiler dikkat çekici şekilde işlenmiş. Çocukluk anıları ve aile bağlarını merkezine alıyor. Özgün senaryosu ve sürükleyici kurgusuyla öne çıkıyor. Tarihi olayları özgün bir perspektiften yorumluyor.,5,51
209,Reino Noche Reina Luz,1976,110,İspanyolca,İspanya,265719774.51,321705604.44,Unutulmaz sahneleriyle hafızalarda yer ediniyor. Yerli kültür motiflerini başarılı şekilde yansıtıyor. Psikolojik derinliği olan karakterlere odaklanıyor. Gerilim dolu sahneleri ile nefes kesen bir yapım. Gizemli atmosferi ile izleyiciyi etkisi altına alıyor.,7,6
210,Night Light,2018,178,İngilizce,İngiltere,233963437.29,548745403.79,"Mükemmel müzikleri ve sahne tasarımı ile öne çıkıyor. Film, izleyiciyi derin bir maceraya sürüklüyor.",2,65
211,Shadow Whisper Night,2010,123,İngilizce,İngiltere,223914252.43,974246244.19,Tarihi olayları özgün bir perspektiften yorumluyor. Sanatsal ve estetik açıdan başarılı bir film.,8,49
212,Soul Dream,2012,139,İngilizce,ABD,20937032.77,62139614.83,Toplumsal mesajlar içeren çarpıcı bir yapım. Kültürel öğeler ve tarihsel referanslarla zenginleştirilmiş. Özgün senaryosu ve sürükleyici kurgusuyla öne çıkıyor.,8,63
213,Umutsuz Yol Kral Gölge,2023,92,Türkçe,Türkiye,53582362.87,56726641.45,Sanatsal ve estetik açıdan başarılı bir film. Mükemmel müzikleri ve sahne tasarımı ile öne çıkıyor. Gizemli atmosferi ile izleyiciyi etkisi altına alıyor. Özgün senaryosu ve sürükleyici kurgusuyla öne çıkıyor.,1,78
214,Voix Liberté Nuit Sang,2015,107,Fransızca,Fransa,132896414.05,95007925.65,"Mükemmel müzikleri ve sahne tasarımı ile öne çıkıyor. Konu, aşk ve dramın iç içe geçtiği bir hikayeyi anlatıyor. Çarpıcı diyaloglar ve zekice kurgulanmış olay örgüsü var. Film, izleyiciyi derin bir maceraya sürüklüyor.",1,69
215,Taiyō Unmei,2019,111,Japonca,Japonya,112706088.69,177335304.99,"Film, izleyiciyi derin bir maceraya sürüklüyor. Sürükleyici senaryosu ve güçlü oyunculuklarla izlenmeli.",7,26
216,Âme Cœur,2013,92,Fransızca,Fransa,239178787.46,1013407219.22,Unutulmaz sahneleriyle hafızalarda yer ediniyor. Sürükleyici temposu ve sürpriz sonuyla izleyiciyi şaşırtıyor.,2,29
217,Dragon Whisper Queen Light,2022,151,İngilizce,İngiltere,188222537.15,623210484.0,Gerilim dolu sahneleri ile nefes kesen bir yapım. Gizemli atmosferi ile izleyiciyi etkisi altına alıyor. Sürükleyici senaryosu ve güçlü oyunculuklarla izlenmeli.,6,42
218,Sessizlik Gece,1970,81,Türkçe,Türkiye,117061404.54,300202999.5,"Konu, aşk ve dramın iç içe geçtiği bir hikayeyi anlatıyor. Yüksek tempolu aksiyon sahneleri ile dikkat çekiyor. Görsel efektleriyle izleyiciyi büyülüyor. Unutulmaz sahneleriyle hafızalarda yer ediniyor.",7,41
219,Kampf Feuer König Geist,2019,93,Almanca,Almanya,213903067.05,868589548.78,Çocukluk anıları ve aile bağlarını merkezine alıyor. Yerli kültür motiflerini başarılı şekilde yansıtıyor. Tarihi olayları özgün bir perspektiften yorumluyor. Sanatsal ve estetik açıdan başarılı bir film. Sürükleyici senaryosu ve güçlü oyunculuklarla izlenmeli.,10,64
220,Rüya Umutsuz Güneş Aşk,2010,88,Türkçe,Türkiye,100864012.83,326638014.08,"Duygusal derinliği ve karakter gelişimi ile izlenmeye değer. Film, izleyiciyi derin bir maceraya sürüklüyor.",6,62
221,Reina Sombras Tormenta Secreto,2018,110,İspanyolca,İspanya,221505028.53,865554344.45,Sinema tarihine adını yazdıracak bir yapım. Görsel efektleriyle izleyiciyi büyülüyor. Sanatsal ve estetik açıdan başarılı bir film. Karakterler arası ilişkiler dikkat çekici şekilde işlenmiş. Renk paleti ve sinematografisiyle dikkat çekiyor.,2,40
222,Hana Taiyō Shizukesa,1985,174,Japonca,Japonya,263260906.3,290693101.69,"Renk paleti ve sinematografisiyle dikkat çekiyor. Sinema tarihine adını yazdıracak bir yapım. Yerli kültür motiflerini başarılı şekilde yansıtıyor. Film, izleyiciyi derin bir maceraya sürüklüyor. Duygusal derinliği ve karakter gelişimi ile izlenmeye değer.",10,57
223,Luz Legado Susurro Dragón,1991,106,İspanyolca,Meksika,162023869.76,742044089.85,"Özgün senaryosu ve sürükleyici kurgusuyla öne çıkıyor. Mükemmel müzikleri ve sahne tasarımı ile öne çıkıyor. Renk paleti ve sinematografisiyle dikkat çekiyor. Film, izleyiciyi derin bir maceraya sürüklüyor.",6,32
224,Storm Queen,2001,86,İngilizce,İngiltere,190492904.3,216570249.26,Doğa ve insan ilişkisini estetik bir dille ele alıyor. Psikolojik derinliği olan karakterlere odaklanıyor. Görsel efektleriyle izleyiciyi büyülüyor.,2,25
225,Ombre Sang,2002,172,Fransızca,Fransa,140388737.14,173901585.69,Çarpıcı diyaloglar ve zekice kurgulanmış olay örgüsü var. Duygusal derinliği ve karakter gelişimi ile izlenmeye değer. Sinema tarihine adını yazdıracak bir yapım.,2,55
226,Licht Seele Kampf,2006,114,Almanca,Almanya,258796445.29,689761931.17,Mükemmel müzikleri ve sahne tasarımı ile öne çıkıyor. Unutulmaz sahneleriyle hafızalarda yer ediniyor. Sürükleyici temposu ve sürpriz sonuyla izleyiciyi şaşırtıyor. Çarpıcı diyaloglar ve zekice kurgulanmış olay örgüsü var. Fantastik öğelerle gerçek dünyayı harmanlayan bir hikaye.,8,26
227,Aag Pyar,2018,82,Hintçe,Hindistan,228697824.99,554200647.54,Psikolojik derinliği olan karakterlere odaklanıyor. Fantastik öğelerle gerçek dünyayı harmanlayan bir hikaye. Özgün senaryosu ve sürükleyici kurgusuyla öne çıkıyor.,3,62
228,König Geist Kampf,1994,138,Almanca,Almanya,85326111.45,258507353.74,"Görsel efektleriyle izleyiciyi büyülüyor. Sanatsal ve estetik açıdan başarılı bir film. Film, izleyiciyi derin bir maceraya sürüklüyor. Sürükleyici temposu ve sürpriz sonuyla izleyiciyi şaşırtıyor. Fantastik öğelerle gerçek dünyayı harmanlayan bir hikaye.",8,40
229,Dragón Fuego Noche,1993,133,İspanyolca,Meksika,282115353.09,1373116604.51,"Unutulmaz sahneleriyle hafızalarda yer ediniyor. Konu, aşk ve dramın iç içe geçtiği bir hikayeyi anlatıyor.",8,52
230,Secret Kingdom Fire Whisper,1994,104,İngilizce,İngiltere,229003781.3,1100806507.82,Renk paleti ve sinematografisiyle dikkat çekiyor. Karakterler arası ilişkiler dikkat çekici şekilde işlenmiş.,10,21
231,Jeevan Rang Dil Sapna,2017,141,Hintçe,Hindistan,10835017.83,45063585.1,Çarpıcı diyaloglar ve zekice kurgulanmış olay örgüsü var. Mükemmel müzikleri ve sahne tasarımı ile öne çıkıyor. Çocukluk anıları ve aile bağlarını merkezine alıyor. Sanatsal ve estetik açıdan başarılı bir film.,4,32
232,Weg Licht,1985,164,Almanca,Almanya,252534012.02,140287250.82,Tarihi olayları özgün bir perspektiften yorumluyor. Doğa ve insan ilişkisini estetik bir dille ele alıyor. Yüksek tempolu aksiyon sahneleri ile dikkat çekiyor. Sürükleyici temposu ve sürpriz sonuyla izleyiciyi şaşırtıyor. Görsel efektleriyle izleyiciyi büyülüyor.,10,75
233,Prem Pyar Aag Jeevan,1980,168,Hintçe,Hindistan,91014760.01,441838018.58,Gerilim dolu sahneleri ile nefes kesen bir yapım. Renk paleti ve sinematografisiyle dikkat çekiyor.,7,33
234,Susurro Noche Sombras,2019,114,İspanyolca,İspanya,224744656.7,1052945774.03,"Toplumsal mesajlar içeren çarpıcı bir yapım. Film, izleyiciyi derin bir maceraya sürüklüyor. Gerilim dolu sahneleri ile nefes kesen bir yapım.",6,19
235,Storm Secret,2019,133,İngilizce,İngiltere,196529096.94,746553127.35,Tarihi olayları özgün bir perspektiften yorumluyor. Sanatsal ve estetik açıdan başarılı bir film. Görsel efektleriyle izleyiciyi büyülüyor.,7,68
236,Baram Sarangi,1981,137,Korece,Güney Kore,170344094.18,248119831.27,Kültürel öğeler ve tarihsel referanslarla zenginleştirilmiş. Unutulmaz sahneleriyle hafızalarda yer ediniyor. Mükemmel müzikleri ve sahne tasarımı ile öne çıkıyor.,9,15
237,Regina Segreto Ombra,2009,90,İtalyanca,İtalya,88291112.82,194220884.61,Toplumsal mesajlar içeren çarpıcı bir yapım. Çocukluk anıları ve aile bağlarını merkezine alıyor. Yerli kültür motiflerini başarılı şekilde yansıtıyor.,2,22
238,Queen Light,1970,176,İngilizce,İngiltere,286586513.05,1001319019.6,Karakterler arası ilişkiler dikkat çekici şekilde işlenmiş. Çarpıcı diyaloglar ve zekice kurgulanmış olay örgüsü var.,1,35
239,Xin Yue Long,2018,140,Çince,Çin,227195035.55,731493489.74,Duygusal derinliği ve karakter gelişimi ile izlenmeye değer. Gizemli atmosferi ile izleyiciyi etkisi altına alıyor. Çocukluk anıları ve aile bağlarını merkezine alıyor. Karakterler arası ilişkiler dikkat çekici şekilde işlenmiş.,5,63
240,Prem Sapna Dil Raat,2009,122,Hintçe,Hindistan,241977926.47,124347854.82,Tarihi olayları özgün bir perspektiften yorumluyor. Yerli kültür motiflerini başarılı şekilde yansıtıyor. Duygusal derinliği ve karakter gelişimi ile izlenmeye değer. Gizemli atmosferi ile izleyiciyi etkisi altına alıyor.,1,46
241,Bimil Baram Saebyeok Chueok,2009,132,Korece,Güney Kore,198238408.88,101910598.16,Çocukluk anıları ve aile bağlarını merkezine alıyor. Mükemmel müzikleri ve sahne tasarımı ile öne çıkıyor. Duygusal derinliği ve karakter gelişimi ile izlenmeye değer. Çarpıcı diyaloglar ve zekice kurgulanmış olay örgüsü var.,8,66
242,Chueok Bam Sarang,1995,124,Korece,Güney Kore,128660926.0,603635328.81,Çarpıcı diyaloglar ve zekice kurgulanmış olay örgüsü var. Görsel efektleriyle izleyiciyi büyülüyor. Tarihi olayları özgün bir perspektiften yorumluyor. Sanatsal ve estetik açıdan başarılı bir film.,10,11
243,Hua Shan Feng Yue,2006,96,Çince,Çin,149628554.42,133454382.43,Toplumsal mesajlar içeren çarpıcı bir yapım. Çocukluk anıları ve aile bağlarını merkezine alıyor.,9,5
244,Ye Qing,1985,101,Çince,Çin,226099129.96,784304636.37,Özgün senaryosu ve sürükleyici kurgusuyla öne çıkıyor. Sürükleyici senaryosu ve güçlü oyunculuklarla izlenmeli.,4,28
245,Raat Rang Sapna Khwaab,2019,172,Hintçe,Hindistan,77659748.53,205282706.32,Yüksek tempolu aksiyon sahneleri ile dikkat çekiyor. Tarihi olayları özgün bir perspektiften yorumluyor. Sürükleyici senaryosu ve güçlü oyunculuklarla izlenmeli. Duygusal derinliği ve karakter gelişimi ile izlenmeye değer. Doğa ve insan ilişkisini estetik bir dille ele alıyor.,5,29
246,Legado Reino Dragón Luz,1974,171,İspanyolca,İspanya,223018862.0,839136654.53,Kültürel öğeler ve tarihsel referanslarla zenginleştirilmiş. Gerilim dolu sahneleri ile nefes kesen bir yapım. Sinema tarihine adını yazdıracak bir yapım.,6,49
247,Battle Secret,1977,174,İngilizce,İngiltere,177864045.97,239530164.1,Sürükleyici senaryosu ve güçlü oyunculuklarla izlenmeli. Karakterler arası ilişkiler dikkat çekici şekilde işlenmiş. Doğa ve insan ilişkisini estetik bir dille ele alıyor.,2,44
248,Secreto Susurro Tormenta,1970,155,İspanyolca,Meksika,160913110.59,693862753.21,"Gerilim dolu sahneleri ile nefes kesen bir yapım. Karakterler arası ilişkiler dikkat çekici şekilde işlenmiş. Film, izleyiciyi derin bir maceraya sürüklüyor.",5,8
249,Feng Tian Ling,1999,117,Çince,Çin,251246388.04,690738376.72,Fantastik öğelerle gerçek dünyayı harmanlayan bir hikaye. Çocukluk anıları ve aile bağlarını merkezine alıyor. Tarihi olayları özgün bir perspektiften yorumluyor.,6,19
250,Tsuki Hoshi Senshi Hana,2008,144,Japonca,Japonya,297105366.04,313620876.1,"Tarihi olayları özgün bir perspektiften yorumluyor. Karakterler arası ilişkiler dikkat çekici şekilde işlenmiş. Konu, aşk ve dramın iç içe geçtiği bir hikayeyi anlatıyor. Sürükleyici senaryosu ve güçlü oyunculuklarla izlenmeli.",6,40
251,Rüya Umutsuz,2022,169,Türkçe,Türkiye,220849809.59,1027881468.9,"Çocukluk anıları ve aile bağlarını merkezine alıyor. Özgün senaryosu ve sürükleyici kurgusuyla öne çıkıyor. Film, izleyiciyi derin bir maceraya sürüklüyor. Psikolojik derinliği olan karakterlere odaklanıyor.",4,29
252,Jeevan Aag Rang Dosti,1991,124,Hintçe,Hindistan,227435398.42,513954857.56,Gerilim dolu sahneleri ile nefes kesen bir yapım. Sanatsal ve estetik açıdan başarılı bir film. Sürükleyici senaryosu ve güçlü oyunculuklarla izlenmeli. Yerli kültür motiflerini başarılı şekilde yansıtıyor. Doğa ve insan ilişkisini estetik bir dille ele alıyor.,7,61
253,Hoshi Yūrei Kaze Senshi,2015,163,Japonca,Japonya,49526493.16,55421350.21,Fantastik öğelerle gerçek dünyayı harmanlayan bir hikaye. Görsel efektleriyle izleyiciyi büyülüyor. Renk paleti ve sinematografisiyle dikkat çekiyor.,5,59
254,Unmei Hana Kaze,1993,166,Japonca,Japonya,235757026.06,1028593385.95,Gerilim dolu sahneleri ile nefes kesen bir yapım. Gizemli atmosferi ile izleyiciyi etkisi altına alıyor.,10,14
255,Chueok Sarang,1981,145,Korece,Güney Kore,195204292.54,618849484.1,"Konu, aşk ve dramın iç içe geçtiği bir hikayeyi anlatıyor. Gerilim dolu sahneleri ile nefes kesen bir yapım. Duygusal derinliği ve karakter gelişimi ile izlenmeye değer.",1,16
256,Rang Jeevan Raat Safar,2001,102,Hintçe,Hindistan,196012691.59,429105571.21,"Kültürel öğeler ve tarihsel referanslarla zenginleştirilmiş. Renk paleti ve sinematografisiyle dikkat çekiyor. Mükemmel müzikleri ve sahne tasarımı ile öne çıkıyor. Gizemli atmosferi ile izleyiciyi etkisi altına alıyor. Film, izleyiciyi derin bir maceraya sürüklüyor.",5,77
257,Shadow Battle,1977,142,İngilizce,İngiltere,192602093.62,883687878.55,Kültürel öğeler ve tarihsel referanslarla zenginleştirilmiş. Tarihi olayları özgün bir perspektiften yorumluyor. Fantastik öğelerle gerçek dünyayı harmanlayan bir hikaye. Gerilim dolu sahneleri ile nefes kesen bir yapım. Doğa ve insan ilişkisini estetik bir dille ele alıyor.,2,16
258,Kader Güneş,1994,118,Türkçe,Türkiye,171641218.26,162627590.88,"Karakterler arası ilişkiler dikkat çekici şekilde işlenmiş. Tarihi olayları özgün bir perspektiften yorumluyor. Film, izleyiciyi derin bir maceraya sürüklüyor.",8,56
259,Jeevan Rang Raat Dosti,2005,142,Hintçe,Hindistan,19647532.99,83838925.76,Özgün senaryosu ve sürükleyici kurgusuyla öne çıkıyor. Çarpıcı diyaloglar ve zekice kurgulanmış olay örgüsü var.,9,68
260,Batalla Luz,1981,137,İspanyolca,Meksika,240253635.06,253156183.72,Yüksek tempolu aksiyon sahneleri ile dikkat çekiyor. Psikolojik derinliği olan karakterlere odaklanıyor. Kültürel öğeler ve tarihsel referanslarla zenginleştirilmiş.,1,72
261,Hana Taiyō Senshi,1975,118,Japonca,Japonya,109386112.39,322680518.71,"Konu, aşk ve dramın iç içe geçtiği bir hikayeyi anlatıyor. Sürükleyici temposu ve sürpriz sonuyla izleyiciyi şaşırtıyor. Sinema tarihine adını yazdıracak bir yapım. Çocukluk anıları ve aile bağlarını merkezine alıyor.",2,65
262,Tian Hua Yue,1998,142,Çince,Çin,208682897.58,595163241.95,Tarihi olayları özgün bir perspektiften yorumluyor. Gerilim dolu sahneleri ile nefes kesen bir yapım. Çocukluk anıları ve aile bağlarını merkezine alıyor.,3,74
263,Tsuki Shizukesa,1985,98,Japonca,Japonya,90262914.26,383330811.78,Doğa ve insan ilişkisini estetik bir dille ele alıyor. Gizemli atmosferi ile izleyiciyi etkisi altına alıyor. Kültürel öğeler ve tarihsel referanslarla zenginleştirilmiş.,1,25
264,Yol Umutsuz Rüya Kral,2016,89,Türkçe,Türkiye,165179658.87,276351348.92,Çocukluk anıları ve aile bağlarını merkezine alıyor. Unutulmaz sahneleriyle hafızalarda yer ediniyor. Tarihi olayları özgün bir perspektiften yorumluyor. Sanatsal ve estetik açıdan başarılı bir film.,10,55
265,Tian Yue Hua,1983,161,Çince,Çin,209192478.69,285929173.25,Unutulmaz sahneleriyle hafızalarda yer ediniyor. Sanatsal ve estetik açıdan başarılı bir film. Sürükleyici senaryosu ve güçlü oyunculuklarla izlenmeli.,2,35
266,Rang Khwaab,1994,111,Hintçe,Hindistan,23718616.79,25160602.14,Yüksek tempolu aksiyon sahneleri ile dikkat çekiyor. Sürükleyici senaryosu ve güçlü oyunculuklarla izlenmeli. Renk paleti ve sinematografisiyle dikkat çekiyor. Gizemli atmosferi ile izleyiciyi etkisi altına alıyor. Yerli kültür motiflerini başarılı şekilde yansıtıyor.,1,78
267,Licht König,1979,81,Almanca,Almanya,29835083.15,146421144.13,Özgün senaryosu ve sürükleyici kurgusuyla öne çıkıyor. Sürükleyici temposu ve sürpriz sonuyla izleyiciyi şaşırtıyor.,4,36
268,Reino Noche Batalla,1989,92,İspanyolca,Meksika,158923555.58,580396756.99,"Konu, aşk ve dramın iç içe geçtiği bir hikayeyi anlatıyor. Özgün senaryosu ve sürükleyici kurgusuyla öne çıkıyor.",10,63
269,Blood River Light Dream,2018,124,İngilizce,ABD,241922456.31,858861848.75,"Kültürel öğeler ve tarihsel referanslarla zenginleştirilmiş. Film, izleyiciyi derin bir maceraya sürüklüyor. Çocukluk anıları ve aile bağlarını merkezine alıyor.",7,24
270,Long Yue,2015,98,Çince,Çin,113950799.05,434084252.14,Tarihi olayları özgün bir perspektiften yorumluyor. Yerli kültür motiflerini başarılı şekilde yansıtıyor. Duygusal derinliği ve karakter gelişimi ile izlenmeye değer. Çocukluk anıları ve aile bağlarını merkezine alıyor.,3,17
271,Noche Susurro Dragón Reino,1996,136,İspanyolca,İspanya,295880759.53,1211072508.77,Sinema tarihine adını yazdıracak bir yapım. Renk paleti ve sinematografisiyle dikkat çekiyor. Yüksek tempolu aksiyon sahneleri ile dikkat çekiyor.,8,24
272,Kampf Fluss,1996,161,Almanca,Almanya,24302722.66,91980668.53,Yüksek tempolu aksiyon sahneleri ile dikkat çekiyor. Fantastik öğelerle gerçek dünyayı harmanlayan bir hikaye.,6,12
273,Traum Seele,2005,134,Almanca,Almanya,203271402.4,954559738.09,"Karakterler arası ilişkiler dikkat çekici şekilde işlenmiş. Film, izleyiciyi derin bir maceraya sürüklüyor.",8,2
274,Legado Reino Batalla Sombras,1982,169,İspanyolca,İspanya,160530284.47,329532204.27,Özgün senaryosu ve sürükleyici kurgusuyla öne çıkıyor. Çocukluk anıları ve aile bağlarını merkezine alıyor. Yerli kültür motiflerini başarılı şekilde yansıtıyor. Sürükleyici temposu ve sürpriz sonuyla izleyiciyi şaşırtıyor. Duygusal derinliği ve karakter gelişimi ile izlenmeye değer.,1,55
275,Umutsuz Yol Hayat,1974,145,Türkçe,Türkiye,106310814.29,77509039.59,Sürükleyici senaryosu ve güçlü oyunculuklarla izlenmeli. Çocukluk anıları ve aile bağlarını merkezine alıyor.,6,18
276,Lumière Liberté,2023,117,Fransızca,Fransa,90103808.89,164074772.07,"Görsel efektleriyle izleyiciyi büyülüyor. Sinema tarihine adını yazdıracak bir yapım. Renk paleti ve sinematografisiyle dikkat çekiyor. Sürükleyici temposu ve sürpriz sonuyla izleyiciyi şaşırtıyor. Konu, aşk ve dramın iç içe geçtiği bir hikayeyi anlatıyor.",9,16
277,Bimil Bam Baram,2009,125,Korece,Güney Kore,2264385.7,5823077.15,Fantastik öğelerle gerçek dünyayı harmanlayan bir hikaye. Özgün senaryosu ve sürükleyici kurgusuyla öne çıkıyor. Karakterler arası ilişkiler dikkat çekici şekilde işlenmiş. Gizemli atmosferi ile izleyiciyi etkisi altına alıyor.,8,8
278,Unmei Yoru,1976,105,Japonca,Japonya,25880761.92,72839688.48,"Film, izleyiciyi derin bir maceraya sürüklüyor. Sanatsal ve estetik açıdan başarılı bir film. Yerli kültür motiflerini başarılı şekilde yansıtıyor. Çocukluk anıları ve aile bağlarını merkezine alıyor. Kültürel öğeler ve tarihsel referanslarla zenginleştirilmiş.",7,63
279,Rêve Nuit Étoile Secret,2000,118,Fransızca,Fransa,109666461.5,495129842.94,Sanatsal ve estetik açıdan başarılı bir film. Gizemli atmosferi ile izleyiciyi etkisi altına alıyor. Fantastik öğelerle gerçek dünyayı harmanlayan bir hikaye.,7,48
280,Prem Zindagi Dil,1970,94,Hintçe,Hindistan,57275337.12,39013289.69,Çocukluk anıları ve aile bağlarını merkezine alıyor. Görsel efektleriyle izleyiciyi büyülüyor. Toplumsal mesajlar içeren çarpıcı bir yapım.,6,26
281,Tempesta Segreto Drago Regno,1987,142,İtalyanca,İtalya,165262040.03,677440565.44,"Sanatsal ve estetik açıdan başarılı bir film. Gerilim dolu sahneleri ile nefes kesen bir yapım. Film, izleyiciyi derin bir maceraya sürüklüyor. Gizemli atmosferi ile izleyiciyi etkisi altına alıyor. Sürükleyici temposu ve sürpriz sonuyla izleyiciyi şaşırtıyor.",2,54
282,Ken Taiyō Unmei Hoshi,2019,166,Japonca,Japonya,249035810.17,606026833.69,Sinema tarihine adını yazdıracak bir yapım. Toplumsal mesajlar içeren çarpıcı bir yapım. Yüksek tempolu aksiyon sahneleri ile dikkat çekiyor. Yerli kültür motiflerini başarılı şekilde yansıtıyor.,4,7
283,Aag Dosti,1985,173,Hintçe,Hindistan,153616330.74,249257941.02,Görsel efektleriyle izleyiciyi büyülüyor. Toplumsal mesajlar içeren çarpıcı bir yapım. Tarihi olayları özgün bir perspektiften yorumluyor. Gerilim dolu sahneleri ile nefes kesen bir yapım. Fantastik öğelerle gerçek dünyayı harmanlayan bir hikaye.,10,20
284,Feng Qing,2009,155,Çince,Çin,188857918.67,220825416.93,Kültürel öğeler ve tarihsel referanslarla zenginleştirilmiş. Görsel efektleriyle izleyiciyi büyülüyor.,3,25
285,Güneş Gece Aşk,1997,105,Türkçe,Türkiye,27735161.41,20227229.49,Sürükleyici senaryosu ve güçlü oyunculuklarla izlenmeli. Unutulmaz sahneleriyle hafızalarda yer ediniyor. Toplumsal mesajlar içeren çarpıcı bir yapım.,1,79
286,Ken Unmei Senshi,2002,118,Japonca,Japonya,33461457.36,71476773.37,"Konu, aşk ve dramın iç içe geçtiği bir hikayeyi anlatıyor. Özgün senaryosu ve sürükleyici kurgusuyla öne çıkıyor. Film, izleyiciyi derin bir maceraya sürüklüyor. Çocukluk anıları ve aile bağlarını merkezine alıyor.",7,7
287,Tormenta Noche Fuego,1990,140,İspanyolca,Meksika,84407726.38,272581939.65,Sürükleyici senaryosu ve güçlü oyunculuklarla izlenmeli. Sinema tarihine adını yazdıracak bir yapım. Gerilim dolu sahneleri ile nefes kesen bir yapım. Çocukluk anıları ve aile bağlarını merkezine alıyor.,4,37
288,Tsuki Shizukesa Ken Tabibito,2013,122,Japonca,Japonya,108490327.97,449709616.92,Renk paleti ve sinematografisiyle dikkat çekiyor. Kültürel öğeler ve tarihsel referanslarla zenginleştirilmiş. Görsel efektleriyle izleyiciyi büyülüyor.,9,17
289,Batalla Legado,1994,96,İspanyolca,İspanya,189052809.2,606530199.43,Görsel efektleriyle izleyiciyi büyülüyor. Tarihi olayları özgün bir perspektiften yorumluyor. Mükemmel müzikleri ve sahne tasarımı ile öne çıkıyor.,2,14
290,Kingdom Storm,1974,123,İngilizce,İngiltere,90792186.87,239136936.36,Sanatsal ve estetik açıdan başarılı bir film. Görsel efektleriyle izleyiciyi büyülüyor.,9,80
291,Raat Prem Jeevan Safar,2005,124,Hintçe,Hindistan,268526451.86,676195252.71,"Sürükleyici temposu ve sürpriz sonuyla izleyiciyi şaşırtıyor. Film, izleyiciyi derin bir maceraya sürüklüyor. Özgün senaryosu ve sürükleyici kurgusuyla öne çıkıyor. Çarpıcı diyaloglar ve zekice kurgulanmış olay örgüsü var. Kültürel öğeler ve tarihsel referanslarla zenginleştirilmiş.",5,72
292,Susurro Dragón,1978,152,İspanyolca,Meksika,18707620.55,91220845.84,Çocukluk anıları ve aile bağlarını merkezine alıyor. Psikolojik derinliği olan karakterlere odaklanıyor. Sürükleyici temposu ve sürpriz sonuyla izleyiciyi şaşırtıyor. Yüksek tempolu aksiyon sahneleri ile dikkat çekiyor. Özgün senaryosu ve sürükleyici kurgusuyla öne çıkıyor.,5,6
293,Haneul Sarangi Baram,2018,151,Korece,Güney Kore,233921965.96,538914177.88,Doğa ve insan ilişkisini estetik bir dille ele alıyor. Görsel efektleriyle izleyiciyi büyülüyor. Tarihi olayları özgün bir perspektiften yorumluyor.,9,50
294,Senshi Yūrei Hana,2020,144,Japonca,Japonya,212472329.38,608272033.52,Özgün senaryosu ve sürükleyici kurgusuyla öne çıkıyor. Duygusal derinliği ve karakter gelişimi ile izlenmeye değer.,9,59
295,Kaze Yūrei Taiyō,2004,85,Japonca,Japonya,192064795.27,910234822.79,Görsel efektleriyle izleyiciyi büyülüyor. Psikolojik derinliği olan karakterlere odaklanıyor. Gerilim dolu sahneleri ile nefes kesen bir yapım.,4,38
296,Yūrei Kaze Unmei Ken,2011,127,Japonca,Japonya,97706280.73,464976883.83,"Konu, aşk ve dramın iç içe geçtiği bir hikayeyi anlatıyor. Renk paleti ve sinematografisiyle dikkat çekiyor. Film, izleyiciyi derin bir maceraya sürüklüyor. Gizemli atmosferi ile izleyiciyi etkisi altına alıyor.",6,78
297,Nuit Sang Rêve Voix,2016,112,Fransızca,Fransa,291495609.14,850656806.67,Mükemmel müzikleri ve sahne tasarımı ile öne çıkıyor. Duygusal derinliği ve karakter gelişimi ile izlenmeye değer. Sürükleyici senaryosu ve güçlü oyunculuklarla izlenmeli.,5,23
298,Geist Kampf Traum,1983,99,Almanca,Almanya,134093743.77,507431319.4,Toplumsal mesajlar içeren çarpıcı bir yapım. Özgün senaryosu ve sürükleyici kurgusuyla öne çıkıyor.,10,51
299,Gidae Baram Saebyeok Sarangi,1981,152,Korece,Güney Kore,147410255.79,557602873.02,Karakterler arası ilişkiler dikkat çekici şekilde işlenmiş. Çocukluk anıları ve aile bağlarını merkezine alıyor. Çarpıcı diyaloglar ve zekice kurgulanmış olay örgüsü var.,3,25
300,Nuit Voix Cœur,1974,134,Fransızca,Fransa,73953523.44,339527263.23,Çarpıcı diyaloglar ve zekice kurgulanmış olay örgüsü var. Gerilim dolu sahneleri ile nefes kesen bir yapım.,3,10
