UserID,UserName,Email,Gender,BirthDate,Country,RegistrationDate
1,yildirimsatrettin,muhammetyaman@example.net,Kadın,1989-11-04,Almanya,2024-05-22
2,tarhanhasgul,zenginsavki@example.org,Kadın,1992-11-09,Almanya,2020-10-15
3,corlumestur,fedentevetoglu@example.org,Kadın,1965-07-07,Fransa,2015-09-24
4,unalsensoy,cbilgin@example.net,Kadın,1967-07-14,ABD,2016-12-07
5,abid26,sayin23@example.com,Kadın,2005-05-07,İngiltere,2019-08-04
6,corlucetinsu,ergulucan@example.net,Erkek,1991-06-18,İngiltere,2016-04-27
7,atnan78,ihsanoglucelikkan@example.org,Kadın,1967-09-22,Almanya,2021-05-08
8,rabbiye95,calimerdogan@example.org,Kadın,1976-05-16,Türkiye,2023-03-08
9,seyithancorlu,denkelkisakurek@example.com,Kadın,1961-10-20,İngiltere,2023-08-07
10,xsener,zihniergul@example.org,Kadın,2001-04-19,ABD,2015-11-29
11,zuheyla19,gulusgul@example.org,Kadın,1977-02-21,Japonya,2023-05-20
12,begimkisakurek,safinaz83@example.net,Erkek,1985-10-02,Türkiye,2016-12-30
13,baltas30,oget41@example.org,Erkek,1980-04-09,Almanya,2024-05-14
14,mazlum76,qmanco@example.org,Erkek,1986-06-17,ABD,2017-11-28
15,kefserduran,mihriye69@example.com,Kadın,1992-08-14,Türkiye,2018-11-29
16,mevlut28,wcorlu@example.org,Kadın,1975-04-18,Japonya,2015-05-31
17,mancopiran,tugcesafak@example.net,Kadın,1978-11-24,ABD,2022-11-16
18,kisakurekcokan,qfirat@example.net,Kadın,1985-11-24,Japonya,2017-04-29
19,tarhanilper,tarhangunsel@example.com,Kadın,1984-02-16,Almanya,2016-01-07
20,dundaralp46,aycanyilmaz@example.net,Erkek,1983-05-27,İngiltere,2015-05-09
21,ezgin28,bilgepembesin@example.com,Kadın,2002-08-19,Japonya,2016-07-26
22,goksevarsoy,guzeyocalan@example.net,Erkek,1993-11-26,İngiltere,2022-05-20
23,tevetoglutorhan,hyildirim@example.com,Kadın,1992-03-12,İngiltere,2024-09-30
24,nihai03,corlusemsinisa@example.com,Erkek,1990-03-16,Fransa,2022-04-07
25,inonugulzadiye,erincerulker@example.com,Erkek,2001-11-18,İngiltere,2021-02-17
26,rohatfirat,ibilir@example.net,Kadın,2000-12-12,Fransa,2021-08-28
27,ugehancer,pulker@example.com,Erkek,1981-11-07,Japonya,2017-10-31
28,hakcay,pdemir@example.org,Kadın,1995-12-27,İngiltere,2018-05-14
29,samaakinal,mujdebilgin@example.org,Erkek,1998-03-17,Almanya,2023-09-06
30,demirelrayla,bilginbengibay@example.org,Kadın,1974-09-18,Fransa,2020-09-28
31,besin83,sumerya73@example.net,Diğer,2007-01-07,Almanya,2017-03-23
32,irfanihsanoglu,yyuksel@example.com,Kadın,1964-10-28,ABD,2025-11-18
33,gakar,ulkerafife@example.com,Kadın,2001-02-25,ABD,2019-06-10
34,dseven,tarhanserfinaz@example.net,Kadın,1977-12-23,Türkiye,2024-11-25
35,yorulmazulkudes,durdali33@example.org,Erkek,1981-03-10,İngiltere,2024-08-14
36,byaman,sagcanertas@example.org,Kadın,1973-10-29,Türkiye,2022-09-05
37,dumanlihezniye,yorulmazsemrin@example.net,Erkek,1990-12-04,Türkiye,2016-02-14
38,corlunecmettin,ustunsoylu@example.com,Erkek,1979-01-23,Japonya,2025-03-27
39,ogetakcay,aksucelikyurek@example.org,Kadın,1968-08-05,Fransa,2019-05-07
40,yeraslan,barslan@example.net,Erkek,1989-05-06,ABD,2025-01-26
41,mmanco,mertel09@example.net,Erkek,1966-06-06,Almanya,2018-11-21
42,koruturktekbay,yorulmazmihrab@example.com,Erkek,1975-12-25,Türkiye,2023-08-12
43,bariszorlu,akdenizkarabas@example.org,Erkek,1960-02-22,İngiltere,2021-11-05
44,tarhannazlim,kdemir@example.org,Kadın,1972-05-21,Türkiye,2020-08-09
45,mansizbulunc,lulker@example.net,Erkek,1968-04-30,ABD,2018-10-22
46,rasul35,ruhsatgulen@example.org,Erkek,1987-11-28,Fransa,2019-05-04
47,agbegim51,ertasnudret@example.net,Kadın,1997-11-01,İngiltere,2017-01-05
48,erdogangurcuye,ferahdibaeraslan@example.org,Kadın,1969-07-19,Japonya,2020-03-19
49,beren35,gulel78@example.net,Kadın,1996-04-14,Japonya,2024-01-05
50,nihan80,sirap12@example.com,Erkek,2005-06-25,İngiltere,2019-04-22
51,akgunduzdoganalp,samurtayarslan@example.net,Kadın,1996-01-15,Fransa,2019-09-27
52,ucgulsama,verdesener@example.com,Erkek,1970-05-27,Fransa,2021-10-08
53,deraslan,senersekim@example.com,Kadın,1990-01-22,İngiltere,2024-06-19
54,yilmazturkalp,rumeysaeraslan@example.org,Kadın,1998-01-16,Türkiye,2020-12-17
55,tdurmus,adurmus@example.org,Erkek,1983-02-17,ABD,2017-03-20
56,akcayekbun,hasretturk@example.com,Kadın,1999-01-06,Japonya,2015-07-18
57,adilayaman,hanceryurtguven@example.org,Erkek,2003-12-04,Türkiye,2020-02-29
58,mahir31,kandef69@example.net,Kadın,1982-08-21,Almanya,2019-10-10
59,necmettinbilge,hukumdarakgunduz@example.com,Kadın,1976-01-13,Türkiye,2018-04-16
60,akcaysukufe,ilkim34@example.org,Erkek,1986-09-15,Türkiye,2022-02-17
61,kisakurekasalet,mbilgin@example.com,Erkek,1963-04-14,Türkiye,2020-12-16
62,tanhan33,ulkerkelami@example.com,Erkek,1968-06-25,ABD,2016-05-31
63,sagcan14,saire86@example.net,Kadın,1990-12-26,Fransa,2025-11-24
64,alpcan14,mervaeraslan@example.org,Kadın,2006-12-20,ABD,2021-05-19
65,tevetogluakyildiz,sayan56@example.net,Erkek,1963-06-08,Türkiye,2016-08-24
66,kisakurekmehrigul,otayturk@example.net,Kadın,1967-01-24,Fransa,2018-10-15
67,hyilmaz,yurdanursafak@example.org,Erkek,1983-01-16,Fransa,2023-02-03
68,orcin51,ferhan46@example.com,Kadın,1983-05-31,Türkiye,2018-05-26
69,ssezer,kayrabayseven@example.net,Kadın,1981-11-13,Almanya,2022-10-14
70,vtarhan,nurdenizdurdu@example.com,Erkek,1999-03-14,Almanya,2018-01-30
71,adurmus,server36@example.net,Kadın,1995-10-07,Almanya,2025-03-15
72,beray77,firdevisguclu@example.net,Erkek,1978-08-01,İngiltere,2015-03-18
73,sevsevilcorlu,gokperi95@example.org,Erkek,1988-07-17,İngiltere,2016-02-02
74,tanhancer,korkmazalpmanco@example.org,Kadın,1979-10-31,Türkiye,2015-09-19
75,yukselcanan,ertasimren@example.net,Kadın,2001-04-29,Japonya,2021-08-05
76,ihsansezer,zsoylu@example.org,Kadın,2002-09-01,İngiltere,2025-06-05
77,sevdinarsezer,akcaydorukhan@example.com,Erkek,1991-01-27,İngiltere,2024-03-23
78,hunalpsezgin,jyorulmaz@example.org,Kadın,2004-10-06,Fransa,2017-05-12
79,ertasertuncay,hulker@example.net,Erkek,1996-02-24,Japonya,2015-05-13
80,asiman98,jkaradeniz@example.com,Kadın,1990-12-23,Japonya,2015-12-07
81,busranurdumanli,okturemis48@example.com,Erkek,1988-04-15,İngiltere,2020-01-24
82,saricabaydumanli,demirelserhatmehmet@example.org,Kadın,1974-12-16,ABD,2021-12-31
83,ufukay58,yamangiz@example.org,Erkek,1962-02-06,Fransa,2023-06-05
84,jsezer,basokseven@example.com,Kadın,1981-01-21,Japonya,2019-03-18
85,hamiyet76,bilirsahinbey@example.com,Kadın,1971-01-29,Fransa,2016-02-02
86,akdenizmehdiye,aguclu@example.com,Diğer,1985-12-16,ABD,2017-01-01
87,ozalpsan68,dursadiyebilgin@example.com,Erkek,1979-07-15,Almanya,2019-09-09
88,bsoylu,qsama@example.net,Kadın,1969-06-23,İngiltere,2022-06-13
89,kgul,icamurcuoglu@example.net,Kadın,1980-03-12,Almanya,2024-08-19
90,camurcuogluozerdinc,corlusanavber@example.com,Erkek,2000-04-27,Fransa,2016-10-04
91,bediriyeakcay,eraslancelikyurek@example.com,Erkek,1989-12-20,İngiltere,2023-07-22
92,ayseanahayrioglu,celikyurek46@example.com,Kadın,1994-05-23,Japonya,2021-07-04
93,gucluakver,akcaverim@example.org,Erkek,1962-08-09,Fransa,2021-12-09
94,ocalansemine,inonualtinisin@example.org,Kadın,1967-03-23,Almanya,2021-09-21
95,akcasumansiz,nevsalyaman@example.com,Erkek,1982-06-04,Türkiye,2016-11-12
96,durdumerzuk,qsezer@example.com,Erkek,1993-03-21,Japonya,2015-04-04
97,neptuntevetoglu,ocalangunsen@example.com,Kadın,1977-04-26,Almanya,2024-07-14
98,zenginaliseydi,mehdiye66@example.net,Kadın,1981-06-20,İngiltere,2016-12-18
99,binisikzengin,devinersezer@example.com,Erkek,1965-10-24,İngiltere,2025-01-11
100,cetinkubran,ergulgulce@example.com,Erkek,1981-12-25,Almanya,2022-09-01
101,berkal85,akdenizsahinbey@example.com,Kadın,2001-05-24,ABD,2020-08-10
102,safakyilmaz,jdemirel@example.com,Kadın,1974-04-15,İngiltere,2017-09-29
103,sermanfirat,nurey87@example.com,Kadın,1996-06-15,Türkiye,2024-09-21
104,ualemdar,tolonbay31@example.com,Erkek,1997-06-02,Fransa,2025-09-27
105,wyuksel,ndurdu@example.net,Kadın,2007-12-03,Türkiye,2023-01-06
106,bsama,uakdeniz@example.org,Kadın,1965-05-13,Fransa,2018-04-14
107,wbilir,urhan49@example.net,Erkek,2005-11-22,İngiltere,2022-01-21
108,husnuhal08,canalyuksel@example.net,Erkek,1983-07-20,Türkiye,2023-07-02
109,jsoylu,yasarguclu@example.net,Erkek,1997-01-15,Japonya,2022-05-13
110,ydumanli,corlusoykut@example.org,Kadın,1978-11-06,ABD,2017-12-19
111,psezer,siti95@example.com,Kadın,2001-02-09,Japonya,2025-01-31
112,serafeddin85,zulfuye74@example.com,Erkek,1999-11-23,İngiltere,2018-09-16
113,murit13,enes82@example.org,Erkek,1963-03-17,Almanya,2023-07-16
114,dilfezaaslan,denizalp34@example.org,Erkek,1979-10-30,Almanya,2024-11-14
115,idik40,sarpkinturk@example.org,Kadın,1987-07-06,İngiltere,2025-08-05
116,zemzem27,bilgeakar@example.net,Erkek,1999-06-18,Japonya,2022-07-20
117,bilay77,kanak04@example.com,Kadın,1971-07-14,Japonya,2016-08-23
118,alemdarbedri,esoylu@example.net,Erkek,1980-06-12,Fransa,2015-04-25
119,mancogencay,cabir31@example.net,Erkek,1961-01-30,İngiltere,2017-11-28
120,mtevetoglu,gulerkisakurek@example.com,Kadın,2006-05-14,Japonya,2019-07-21
121,lhancer,khancer@example.net,Diğer,1973-12-25,ABD,2021-08-01
122,mansizdemirok,perenbilir@example.com,Erkek,2003-07-14,Almanya,2022-04-09
123,aksuniyazi,hoskademerdogan@example.org,Erkek,1994-01-29,Fransa,2015-02-28
124,sevenaynimah,carslan@example.org,Erkek,1980-02-15,ABD,2016-09-06
125,colpan47,tarhannas@example.com,Kadın,1977-09-01,Japonya,2018-12-31
126,senkaldemir,sehelmanco@example.com,Kadın,1961-02-03,Almanya,2024-06-02
127,beydayorulmaz,tanyolactevetoglu@example.net,Erkek,1962-12-12,Japonya,2019-06-21
128,amre17,zilfa64@example.net,Erkek,2009-08-21,Almanya,2025-10-13
129,fdumanli,akgunduzakay@example.net,Diğer,1965-01-08,Türkiye,2020-01-04
130,necva40,bilgintanyu@example.net,Erkek,1976-05-22,ABD,2022-09-26
131,inonutalibe,mehrigul02@example.com,Kadın,1975-12-02,Japonya,2015-06-14
132,rcamurcuoglu,minibesafak@example.net,Erkek,1977-01-17,Almanya,2023-03-23
133,ecorlu,idiris55@example.net,Erkek,1978-08-20,Almanya,2017-07-21
134,akdenizgunduzalp,ilkim74@example.net,Erkek,1968-10-25,Almanya,2021-01-08
135,walemdar,ertascansin@example.com,Erkek,2002-11-28,Japonya,2016-04-21
136,topuz16,ulkerhamiyet@example.com,Erkek,2008-08-28,Fransa,2021-08-11
137,myorulmaz,olus77@example.org,Erkek,1960-11-10,Fransa,2021-07-10
138,sabadurmus,sevindikdumanli@example.net,Kadın,1977-06-23,Japonya,2021-08-09
139,bdemir,ozbilgeaksu@example.com,Erkek,1996-07-12,Türkiye,2021-09-29
140,durmusibrahim,bilginedgubay@example.com,Erkek,2005-07-05,Japonya,2020-06-02
141,sensoygokcebalan,tihsanoglu@example.com,Erkek,2007-09-29,Japonya,2017-10-16
142,intihap77,acilaydurmus@example.org,Kadın,1987-09-14,Japonya,2022-01-07
143,makar,berkiaslan@example.com,Kadın,1988-08-20,ABD,2025-01-07
144,ferinaz40,sadiman49@example.net,Erkek,1965-11-18,Fransa,2023-07-12
145,jbilge,eduran@example.com,Kadın,1999-10-05,Türkiye,2018-11-03
146,hoskadem86,uihsanoglu@example.org,Kadın,1980-10-17,ABD,2017-05-23
147,mahnazkisakurek,ilgiturk@example.com,Erkek,2007-08-02,İngiltere,2020-04-16
148,zdemirel,qkisakurek@example.net,Erkek,1973-11-13,Almanya,2018-08-19
149,enfesturk,fadilazengin@example.com,Kadın,1974-03-03,Fransa,2021-11-04
150,bilgeanka,firatacilay@example.org,Diğer,1997-05-27,Almanya,2023-09-29
151,ilbekbilge,biltasguclu@example.com,Erkek,1987-03-28,İngiltere,2019-02-27
152,orcin61,tasvir86@example.com,Kadın,1988-04-16,İngiltere,2020-01-17
153,ibilge,mansizberen@example.org,Erkek,1997-06-03,Almanya,2015-01-24
154,muvaffak16,inonurevza@example.net,Erkek,1972-07-21,Fransa,2025-12-07
155,dumanligucluer,alsoy05@example.org,Kadın,1978-02-21,Türkiye,2017-05-04
156,yasattin56,odkanlifirat@example.com,Erkek,1998-05-09,İngiltere,2023-11-14
157,harizakcay,mansizcogay@example.net,Kadın,1977-11-22,Almanya,2023-12-11
158,ervaniyecamurcuoglu,nabilertas@example.net,Erkek,1984-07-30,Almanya,2016-03-13
159,balli40,sakcay@example.net,Erkek,2003-01-13,ABD,2025-07-23
160,bilgendumanli,mufide46@example.net,Kadın,1994-12-29,Türkiye,2022-09-18
161,acilay43,eakdeniz@example.org,Diğer,1993-08-23,İngiltere,2015-08-31
162,cokandurdu,mecide44@example.org,Erkek,2008-04-03,Japonya,2019-02-22
163,aaslan,camurcuogluneriban@example.net,Erkek,1966-08-21,Türkiye,2018-08-22
164,skaradeniz,neslinursezgin@example.com,Kadın,1977-12-10,ABD,2021-04-20
165,rumeysaakar,ticen21@example.net,Erkek,2009-01-13,ABD,2023-07-22
166,hanceraral,zenginyurttas@example.net,Kadın,1961-12-17,Almanya,2016-07-29
167,celilaycamurcuoglu,tuncboga62@example.org,Kadın,1999-12-31,İngiltere,2023-05-19
168,guzeyakgunduz,gulsiye84@example.org,Erkek,2001-05-04,İngiltere,2019-01-23
169,deniz45,ertasbinbasar@example.org,Diğer,1983-03-28,Japonya,2017-11-11
170,temimegul,zakdeniz@example.net,Erkek,1996-11-07,ABD,2019-10-17
171,celilay60,gungoren17@example.com,Kadın,1965-05-29,Türkiye,2025-03-28
172,mihriye65,tarhannas@example.com,Kadın,1962-11-17,Türkiye,2025-10-06
173,mansizkefser,nezengul31@example.net,Kadın,1989-12-10,Almanya,2022-02-11
174,scamurcuoglu,selime61@example.org,Erkek,2010-02-01,Almanya,2023-10-03
175,akcaariel,elgin11@example.org,Kadın,1967-11-14,ABD,2021-06-08
176,oryurekertas,suzer86@example.net,Diğer,1966-07-22,Japonya,2023-08-09
177,inanclisensoy,karadenizdurrusehvar@example.net,Erkek,1973-08-27,Fransa,2022-04-18
178,rakca,sezerzihni@example.org,Kadın,1990-06-26,ABD,2020-02-03
179,pdumanli,demirok58@example.net,Erkek,1986-05-11,Türkiye,2015-01-27
180,bayman64,ercihanakca@example.com,Erkek,1988-12-02,Türkiye,2019-10-16
181,ulkermasar,yorulmazturkalp@example.org,Kadın,1989-04-20,ABD,2020-12-20
182,kutgunbilir,karadenizhumeyra@example.org,Kadın,1973-09-09,Almanya,2017-02-12
183,nakipsama,musureyilmaz@example.com,Erkek,1962-05-09,İngiltere,2020-12-24
184,erkilicduran,hindal10@example.org,Kadın,1966-03-19,ABD,2018-09-03
185,ergulnesip,akgol24@example.org,Erkek,1987-03-06,Japonya,2016-10-30
186,salifirat,koruturkbashan@example.com,Kadın,1979-06-28,ABD,2023-08-30
187,xocalan,dumanlifatinur@example.org,Kadın,1999-06-11,ABD,2016-05-19
188,gulsevsevil,badegul00@example.com,Kadın,1978-09-17,Fransa,2019-04-08
189,rsafak,soyluozpetek@example.com,Erkek,1978-06-13,Fransa,2023-08-24
190,akcaybogatimur,nevgin21@example.org,Erkek,1975-09-16,Türkiye,2020-09-06
191,paye98,cinerk98@example.com,Erkek,1978-10-22,Türkiye,2016-05-07
192,mzorlu,ysakarya@example.net,Kadın,1988-06-05,İngiltere,2019-08-28
193,akdenizsernur,adiladumanli@example.org,Kadın,1992-04-13,Türkiye,2020-05-11
194,dsama,useven@example.org,Kadın,1961-06-13,Türkiye,2015-01-30
195,sinasi54,goknur71@example.org,Diğer,1968-12-22,Fransa,2018-12-23
196,corluakay,koruturkadem@example.org,Erkek,1986-12-23,Türkiye,2017-07-28
197,zenginkerime,susen16@example.com,Erkek,1984-08-23,Fransa,2023-03-08
198,ubilge,arslannazende@example.com,Kadın,1975-11-29,ABD,2021-05-01
199,dincer98,gokcilulker@example.com,Erkek,2002-02-23,Almanya,2023-07-20
200,doguhanergul,efser49@example.org,Kadın,1986-04-17,Almanya,2019-03-03
201,jakdeniz,tevetoglusevim@example.net,Erkek,1975-09-01,ABD,2025-07-02
202,alsoy24,umutcan50@example.org,Kadın,1976-04-17,Japonya,2019-02-04
203,kubranulker,jerdogan@example.net,Kadın,1987-06-17,Türkiye,2019-07-12
204,corlugulsevil,cagaseven@example.com,Erkek,1962-04-26,Almanya,2018-09-20
205,gulaga54,laze91@example.org,Kadın,1972-12-12,Türkiye,2025-03-31
206,gulagainonu,tarhanbulunc@example.com,Erkek,2007-02-12,Almanya,2016-11-26
207,bulker,ctevetoglu@example.com,Erkek,1979-12-24,Türkiye,2016-01-13
208,memili81,adila14@example.net,Diğer,2001-08-31,Türkiye,2019-08-28
209,qfirat,aydinc36@example.net,Kadın,1960-01-24,ABD,2018-06-29
210,yilmazkosemen,maksur24@example.com,Erkek,2008-06-11,İngiltere,2019-02-06
211,enginiz07,iakcay@example.com,Kadın,1977-08-10,Fransa,2016-05-30
212,evrimdurmus,beyler60@example.com,Kadın,1972-10-16,ABD,2017-07-12
213,ertasborahan,mehdiye69@example.com,Erkek,1969-06-10,Japonya,2017-10-20
214,harslan,uyildirim@example.org,Kadın,1987-01-05,ABD,2018-09-08
215,skaradeniz,cansin61@example.org,Kadın,1983-12-06,Almanya,2023-07-10
216,zzengin,gulentaygan@example.net,Erkek,1973-01-10,Fransa,2021-07-01
217,mirbadin52,zorlurengul@example.org,Erkek,1977-10-02,Japonya,2025-12-26
218,velitdinergul,necdatsakarya@example.org,Kadın,1981-05-03,ABD,2016-10-25
219,konguralp29,sevcanerdogan@example.org,Kadın,2003-05-29,Türkiye,2024-08-14
220,wertas,ktarhan@example.net,Kadın,1996-05-23,Japonya,2020-01-26
221,pesent52,eerdogan@example.com,Erkek,1999-06-18,Almanya,2016-04-27
222,saricabay90,ferinaz14@example.com,Erkek,1976-09-18,İngiltere,2017-11-11
223,dturk,server11@example.net,Erkek,1968-08-28,Almanya,2022-06-29
224,lertas,dumanlimahigul@example.net,Erkek,1992-10-13,İngiltere,2019-10-14
225,toktugtevetoglu,jzorlu@example.org,Erkek,2001-01-14,ABD,2024-04-22
226,zsakarya,ulkum18@example.net,Kadın,1971-05-01,Almanya,2024-10-17
227,aslanhanyuksel,hdumanli@example.net,Erkek,1967-06-11,Fransa,2025-11-01
228,yurdanurarsoy,onsal65@example.net,Kadın,2005-11-01,Fransa,2017-03-09
229,cetinrayla,behrem51@example.net,Erkek,1991-10-02,Türkiye,2020-11-22
230,qarslan,turabicorlu@example.net,Kadın,2007-02-07,Almanya,2015-07-12
231,verimhancer,myaman@example.net,Erkek,2007-08-17,Almanya,2016-11-14
232,hancerkader,ysensoy@example.com,Kadın,1980-04-19,Türkiye,2024-06-15
233,susensezer,sensoysuzer@example.com,Erkek,1978-02-20,Almanya,2018-02-14
234,aksogut54,mehmedsama@example.com,Erkek,2006-10-22,İngiltere,2025-11-25
235,mutasimyaman,bisararslan@example.org,Erkek,1986-11-30,Fransa,2015-01-02
236,ulkerulu,naidekisakurek@example.org,Kadın,1987-12-15,Japonya,2017-05-05
237,isikaykaradeniz,ilperdumanli@example.org,Erkek,1996-10-25,Türkiye,2016-07-28
238,rarsoy,atanurmansiz@example.com,Kadın,1981-10-02,ABD,2019-05-22
239,ibilgin,tatusezgin@example.com,Kadın,1982-04-20,Fransa,2024-05-10
240,zahidtarhan,xertas@example.com,Diğer,1984-10-12,ABD,2016-07-29
241,hzorlu,maksu@example.net,Kadın,1973-08-15,Japonya,2017-04-23
242,onatyorulmaz,xbilge@example.net,Erkek,1989-05-18,Japonya,2015-02-14
243,demirelgokce,arslanbortecin@example.org,Kadın,2002-04-07,İngiltere,2017-08-09
244,aylil82,ocorlu@example.com,Kadın,2000-10-05,Türkiye,2016-09-21
245,almus60,xzorlu@example.org,Kadın,1963-09-04,İngiltere,2019-04-12
246,xcorlu,alpinhayrioglu@example.org,Erkek,1975-02-10,Japonya,2024-10-29
247,feza20,birsan27@example.com,Kadın,1967-12-12,ABD,2023-03-17
248,akcaybozbag,eraslanmemili@example.org,Erkek,2004-05-13,İngiltere,2024-05-20
249,xdemir,nerim41@example.org,Kadın,1985-02-19,Türkiye,2024-06-12
250,sahatsener,herdogan@example.com,Kadın,1997-08-24,Japonya,2022-06-24
251,senergokperi,ihsanmanco@example.com,Erkek,2003-07-24,Türkiye,2017-09-21
252,nyilmaz,noman96@example.org,Kadın,1983-11-04,ABD,2016-03-01
253,firatyertan,firathansultan@example.net,Kadın,1993-09-18,Almanya,2021-10-20
254,kisakurekbilginur,senerongen@example.com,Kadın,1968-11-04,Türkiye,2021-06-15
255,akif51,nural19@example.net,Erkek,1997-11-04,ABD,2024-02-22
256,ertuncay05,sanavber27@example.net,Kadın,1999-06-30,İngiltere,2024-07-22
257,lsener,basaydemirel@example.com,Erkek,1995-10-08,Almanya,2024-02-13
258,arslankosukhan,cetinkorugan@example.org,Kadın,1962-03-02,ABD,2022-01-26
259,taygan86,ceraslan@example.net,Kadın,1962-07-18,İngiltere,2023-03-06
260,serhatmehmetergul,bilgesevcan@example.com,Kadın,1990-11-12,İngiltere,2018-12-14
261,erdursun56,ckoruturk@example.com,Kadın,1989-02-10,Fransa,2020-02-20
262,karaer77,gulbeyan41@example.net,Kadın,2009-02-05,ABD,2022-04-09
263,bcorlu,hasretarslan@example.com,Kadın,1975-06-08,İngiltere,2024-06-21
264,corluturabi,tansev79@example.net,Erkek,2008-04-14,İngiltere,2023-04-19
265,saksu,cergul@example.org,Erkek,1968-02-11,İngiltere,2022-03-04
266,nurda64,erdogansirriye@example.net,Kadın,1976-09-14,Almanya,2023-06-26
267,garsoy,altinisinmanco@example.net,Kadın,2003-07-20,İngiltere,2018-12-07
268,iturk,yukselsaci@example.com,Kadın,1975-02-13,İngiltere,2018-08-15
269,cidal90,tuledumanli@example.com,Kadın,2005-05-28,ABD,2022-11-08
270,atanur19,gulselinarsoy@example.com,Kadın,1995-09-14,Almanya,2021-12-08
271,selmin43,yildirimsirivan@example.org,Erkek,1996-04-20,Türkiye,2024-07-22
272,yfirat,eraslanramadan@example.net,Erkek,1991-09-28,Japonya,2019-06-14
273,nbilir,yucel73@example.org,Kadın,1986-05-14,Türkiye,2021-11-17
274,bilgendumanli,ugedumanli@example.org,Diğer,1999-09-14,İngiltere,2024-04-06
275,soyler51,suvari22@example.com,Erkek,1984-07-24,Almanya,2015-04-18
276,eraycanakar,necmettincetin@example.com,Diğer,1982-01-04,Japonya,2024-10-24
277,arsoyhuda,beste82@example.net,Kadın,1973-01-15,Japonya,2015-02-20
278,erdogantatu,udemirel@example.com,Kadın,2003-05-10,Türkiye,2024-05-25
279,aocalan,yamantemucin@example.net,Kadın,2010-12-19,Almanya,2017-02-26
280,dumanliberiye,erincer89@example.org,Kadın,1994-09-23,Almanya,2023-05-17
281,akisezorlu,karadenizerdursun@example.net,Erkek,1992-09-13,İngiltere,2025-02-03
282,tanakaksu,tolonbayihsanoglu@example.net,Erkek,1972-01-25,Almanya,2018-08-10
283,ugurtanakca,boynak43@example.net,Erkek,2005-07-11,Almanya,2022-12-11
284,erensoy49,zorlusahil@example.org,Erkek,1980-06-09,İngiltere,2023-01-28
285,hatemulker,koncagul00@example.org,Erkek,1964-10-09,ABD,2020-02-29
286,akcasaire,semat39@example.com,Kadın,1965-10-19,Fransa,2025-09-09
287,soylupesent,salimet47@example.org,Erkek,1965-02-28,Almanya,2025-01-17
288,dhancer,sezerbaydu@example.org,Erkek,1991-10-18,Japonya,2015-09-25
289,eseven,vbilir@example.net,Kadın,1962-06-22,İngiltere,2023-01-01
290,teberbilge,sevketfeza56@example.org,Kadın,1971-12-18,Fransa,2019-06-12
291,gok81,nuretdin71@example.com,Kadın,1987-05-02,İngiltere,2018-09-15
292,jyuksel,yorulmazsezginbas@example.com,Kadın,1972-12-09,Almanya,2023-08-05
293,kyuksel,melikkan53@example.org,Kadın,1964-10-01,İngiltere,2022-12-26
294,dzorlu,takgunduz@example.com,Kadın,1966-05-15,Türkiye,2021-11-19
295,corluozel,nyuksel@example.net,Kadın,1977-06-17,Fransa,2017-10-16
296,aytek04,ptevetoglu@example.net,Erkek,2004-05-28,ABD,2023-03-04
297,iarslan,akdenizdogansah@example.com,Erkek,1996-03-15,Türkiye,2021-06-09
298,risaletgul,ummet50@example.com,Kadın,1972-06-04,Fransa,2024-07-02
299,durdukerime,yolaldurmus@example.com,Erkek,1975-12-01,Türkiye,2022-12-06
300,kisakurekfatmanur,jinonu@example.com,Erkek,1983-05-16,Fransa,2019-07-03
